Rate_Stage1(C),Rate_Stage2(C),Terminal_Current(C),Cycle,SOH(measured),Stage1_Time(s),Stage2_Time(s),Stage3_Time(s),Reward_Total,Reward_r_soh,Reward_r_time,Reward_delta_soh,Avg Temp(°C),Throughput(Ah),Discharge Cap(Ah),Terminal V(V),LLI(%),LAM_neg(%),LAM_pos(%)
2.0,2.0,0.01,1,1.003094,159.96,1080.0,1977.89,0.850336,0.703745,0.996927,0.026933,43.66,43.7266,4.88,2.6823,0.026933,0.001342,0.0
2.0,2.0,0.01,2,1.002759,301.58,979.23,1939.62,0.851308,0.705697,0.996919,0.026361,45.84,53.488,4.8783,2.6824,0.053294,0.002683,0.0
2.0,2.0,0.01,3,1.002411,300.94,979.09,1940.11,0.851644,0.706367,0.99692,0.026166,45.84,63.2463,4.8766,2.6825,0.079461,0.004022,0.0
2.0,2.0,0.01,4,1.002065,300.32,978.94,1940.6,0.851974,0.707026,0.996921,0.025976,45.84,73.0012,4.875,2.6825,0.105437,0.005359,0.0
2.0,2.0,0.01,5,1.001514,299.71,978.78,1941.16,0.802702,0.608481,0.996922,0.070152,45.87,82.7517,4.8723,2.6826,0.151827,0.027323,0.020629
2.0,2.0,0.01,6,1.000899,298.99,978.44,1941.49,0.791276,0.585627,0.996924,0.086381,45.87,92.4966,4.8693,2.6827,0.204482,0.055754,0.047728
2.0,2.0,0.01,7,1.000289,298.23,978.03,1941.76,0.789848,0.58277,0.996927,0.088616,45.87,102.2354,4.8663,2.6828,0.256766,0.084008,0.074651
2.0,2.0,0.01,8,0.999683,297.5,977.62,1942.07,0.788478,0.580026,0.996929,0.090807,45.88,111.9682,4.8634,2.683,0.308689,0.112087,0.101402
2.0,2.0,0.01,9,0.999082,296.77,977.21,1942.43,0.78716,0.577389,0.996932,0.092957,45.88,121.695,4.8604,2.6831,0.360257,0.139997,0.127985
2.0,2.0,0.01,10,0.998484,296.04,976.8,1942.72,0.785893,0.574852,0.996934,0.095064,45.88,131.4159,4.8575,2.6832,0.411477,0.167739,0.154403
2.0,2.0,0.01,11,0.99789,295.33,976.39,1943.06,0.784673,0.572409,0.996937,0.097133,45.88,141.1309,4.8546,2.6833,0.462357,0.195318,0.18066
2.0,2.0,0.01,12,0.997301,294.61,975.98,1943.44,0.783496,0.570052,0.996939,0.099163,45.88,150.84,4.8518,2.6834,0.512903,0.222737,0.206759
2.0,2.0,0.01,13,0.996715,293.9,975.58,1943.86,0.78236,0.567778,0.996941,0.101157,45.88,160.5434,4.8489,2.6835,0.563123,0.25,0.232703
2.0,2.0,0.01,14,0.996133,293.19,975.18,1944.25,0.781263,0.565582,0.996943,0.103114,45.88,170.2409,4.8461,2.6836,0.613023,0.277108,0.258495
2.0,2.0,0.01,15,0.995554,292.48,974.78,1944.66,0.780202,0.563459,0.996945,0.105037,45.89,179.9327,4.8433,2.6837,0.662608,0.304066,0.284138
2.0,2.0,0.01,16,0.99498,291.77,974.4,1945.12,0.779176,0.561404,0.996947,0.106927,45.89,189.6188,4.8405,2.6838,0.711885,0.330876,0.309635
2.0,2.0,0.01,17,0.994409,291.07,974.01,1945.53,0.778182,0.559415,0.996949,0.108783,45.89,199.2992,4.8377,2.6839,0.760859,0.357541,0.334989
2.0,2.0,0.01,18,0.993841,290.36,973.63,1945.96,0.77722,0.557488,0.996951,0.110609,45.89,208.9738,4.8349,2.684,0.809536,0.384064,0.360203
2.0,2.0,0.01,19,0.993277,289.66,973.26,1946.39,0.776286,0.555619,0.996953,0.112403,45.89,218.6429,4.8322,2.6841,0.857922,0.410447,0.385278
2.0,2.0,0.01,20,0.992716,288.96,972.89,1946.81,0.77538,0.553806,0.996955,0.114167,45.89,228.3063,4.8295,2.6841,0.906022,0.436692,0.410218
2.0,2.0,0.01,21,0.992158,288.26,972.52,1947.22,0.774501,0.552045,0.996957,0.115903,45.89,237.9642,4.8268,2.6842,0.95384,0.462803,0.435025
2.0,2.0,0.01,22,0.991603,287.56,972.16,1947.45,0.773649,0.550337,0.99696,0.117608,45.89,247.6166,4.8241,2.6843,1.001381,0.488781,0.459701
2.0,2.0,0.01,23,0.991052,286.86,971.81,1947.81,0.772819,0.548676,0.996962,0.119288,45.9,257.2634,4.8214,2.6844,1.04865,0.514628,0.484248
2.0,2.0,0.01,24,0.990504,286.16,971.46,1948.14,0.772012,0.54706,0.996964,0.12094,45.9,266.9047,4.8187,2.6845,1.095652,0.540347,0.508669
2.0,2.0,0.01,25,0.989958,285.45,971.12,1948.45,0.771227,0.545488,0.996966,0.122567,45.9,276.5407,4.8161,2.6846,1.142391,0.565941,0.532966
2.0,2.0,0.01,26,0.989416,284.75,970.78,1948.72,0.770463,0.543958,0.996969,0.124168,45.9,286.1712,4.8134,2.6847,1.188872,0.59141,0.55714
2.0,2.0,0.01,27,0.988877,284.05,970.45,1948.96,0.769719,0.542468,0.996971,0.125744,45.9,295.7964,4.8108,2.6848,1.235098,0.616757,0.581194
2.0,2.0,0.01,28,0.988341,283.35,970.13,1949.21,0.768994,0.541015,0.996973,0.127297,45.9,305.4163,4.8082,2.6849,1.281075,0.641985,0.60513
2.0,2.0,0.01,29,0.987807,282.65,969.8,1949.45,0.768288,0.539599,0.996976,0.128826,45.9,315.0311,4.8056,2.685,1.326805,0.667094,0.62895
2.0,2.0,0.01,30,0.987277,281.95,969.48,1949.68,0.767598,0.538218,0.996978,0.130333,45.9,324.6408,4.803,2.6851,1.372293,0.692087,0.652655
2.0,2.0,0.01,31,0.986749,281.26,969.16,1949.9,0.766926,0.536871,0.996981,0.131818,45.9,334.2456,4.8004,2.6852,1.417543,0.716966,0.676247
2.0,2.0,0.01,32,0.986224,280.57,968.85,1950.09,0.766269,0.535556,0.996983,0.133281,45.91,343.8454,4.7979,2.6853,1.462558,0.741732,0.699729
2.0,2.0,0.01,33,0.985701,279.88,968.53,1950.31,0.765628,0.534271,0.996985,0.134723,45.91,353.4401,4.7953,2.6854,1.507342,0.766388,0.723101
2.0,2.0,0.01,34,0.985182,279.19,968.22,1950.5,0.765002,0.533016,0.996988,0.136145,45.91,363.0298,4.7928,2.6855,1.551898,0.790934,0.746366
2.0,2.0,0.01,35,0.984665,278.51,967.91,1950.66,0.76439,0.53179,0.99699,0.137547,45.91,372.6144,4.7903,2.6855,1.59623,0.815373,0.769525
2.0,2.0,0.01,36,0.98415,277.84,967.59,1950.84,0.763792,0.530591,0.996993,0.138929,45.91,382.194,4.7878,2.6856,1.640342,0.839706,0.79258
2.0,2.0,0.01,37,0.983638,277.17,967.28,1950.98,0.763207,0.529419,0.996995,0.140292,45.91,391.7686,4.7853,2.6857,1.684236,0.863935,0.815531
2.0,2.0,0.01,38,0.983129,276.5,966.97,1951.13,0.762635,0.528272,0.996998,0.141637,45.91,401.3381,4.7828,2.6858,1.727916,0.888061,0.838382
2.0,2.0,0.01,39,0.982622,275.84,966.65,1951.29,0.762075,0.527149,0.997,0.142964,45.91,410.9027,4.7804,2.6859,1.771384,0.912085,0.861133
2.0,2.0,0.01,40,0.982118,275.18,966.34,1951.46,0.761526,0.52605,0.997003,0.144273,45.91,420.4622,4.7779,2.686,1.814645,0.93601,0.883786
2.0,2.0,0.01,41,0.981616,274.52,966.03,1951.6,0.760989,0.524974,0.997005,0.145565,45.92,430.0169,4.7755,2.6861,1.8577,0.959836,0.906342
2.0,2.0,0.01,42,0.981116,273.87,965.72,1951.72,0.760464,0.52392,0.997008,0.14684,45.92,439.5667,4.773,2.6862,1.900553,0.983566,0.928803
2.0,2.0,0.01,43,0.980618,273.23,965.4,1951.9,0.759948,0.522886,0.99701,0.148099,45.92,449.1116,4.7706,2.6863,1.943206,1.0072,0.951169
2.0,2.0,0.01,44,0.980124,272.59,965.09,1952.04,0.759443,0.521874,0.997012,0.149342,45.92,458.6516,4.7682,2.6863,1.985663,1.030739,0.973443
2.0,2.0,0.01,45,0.979631,271.96,964.77,1952.15,0.758948,0.520881,0.997015,0.150569,45.92,468.187,4.7658,2.6864,2.027926,1.054185,0.995625
2.0,2.0,0.01,46,0.97914,271.33,964.45,1952.25,0.758463,0.519908,0.997017,0.15178,45.92,477.7176,4.7634,2.6865,2.069998,1.07754,1.017716
2.0,2.0,0.01,47,0.978652,270.71,964.13,1952.38,0.757986,0.518953,0.99702,0.152977,45.92,487.2438,4.7611,2.6866,2.11188,1.100804,1.039719
2.0,2.0,0.01,48,0.978166,270.1,963.8,1952.48,0.757519,0.518016,0.997022,0.154159,45.92,496.7655,4.7587,2.6867,2.153577,1.123978,1.061634
2.0,2.0,0.01,49,0.977682,269.49,963.48,1952.58,0.757061,0.517097,0.997025,0.155326,45.93,506.2828,4.7563,2.6868,2.195089,1.147065,1.083462
2.0,2.0,0.01,50,0.9772,268.89,963.15,1952.69,0.756611,0.516195,0.997027,0.156479,45.93,515.7956,4.754,2.6869,2.23642,1.170064,1.105204
2.0,2.0,0.01,51,0.97672,268.29,962.83,1952.78,0.756169,0.515308,0.99703,0.157619,45.93,525.3037,4.7517,2.6869,2.277572,1.192977,1.126862
2.0,2.0,0.01,52,0.976243,267.69,962.5,1952.91,0.755735,0.514438,0.997032,0.158745,45.93,534.8073,4.7493,2.687,2.318547,1.215806,1.148437
2.0,2.0,0.01,53,0.975767,267.09,962.18,1953.0,0.755309,0.513583,0.997034,0.159858,45.93,544.3062,4.747,2.6871,2.359348,1.238551,1.169929
2.0,2.0,0.01,54,0.975294,266.5,961.86,1953.08,0.75489,0.512743,0.997037,0.160958,45.93,553.8005,4.7447,2.6872,2.399976,1.261213,1.191341
2.0,2.0,0.01,55,0.974822,265.9,961.55,1953.15,0.754478,0.511917,0.997039,0.162046,45.93,563.2902,4.7424,2.6873,2.440434,1.283794,1.212672
2.0,2.0,0.01,56,0.974352,265.31,961.24,1953.23,0.754074,0.511106,0.997042,0.16312,45.93,572.7753,4.7401,2.6874,2.480725,1.306294,1.233923
2.0,2.0,0.01,57,0.973885,264.71,960.93,1953.33,0.753676,0.510308,0.997044,0.164184,45.93,582.2557,4.7379,2.6874,2.520849,1.328714,1.255097
2.0,2.0,0.01,58,0.973419,264.12,960.62,1953.36,0.753285,0.509524,0.997047,0.165234,45.94,591.7316,4.7356,2.6875,2.560809,1.351056,1.276193
2.0,2.0,0.01,59,0.972955,263.53,960.31,1953.47,0.752901,0.508752,0.997049,0.166274,45.94,601.2029,4.7333,2.6876,2.600608,1.37332,1.297213
2.0,2.0,0.01,60,0.972493,262.94,960.0,1953.57,0.752522,0.507993,0.997051,0.167302,45.94,610.6696,4.7311,2.6877,2.640246,1.395507,1.318158
2.0,2.0,0.01,61,0.972033,262.36,959.7,1953.6,0.75215,0.507246,0.997054,0.168318,45.85,620.1318,4.7289,2.6878,2.679726,1.417618,1.339028
2.0,2.0,0.01,62,0.971575,261.78,959.39,1953.64,0.751784,0.506511,0.997056,0.169323,45.85,629.5895,4.7266,2.6878,2.71905,1.439655,1.359825
2.0,2.0,0.01,63,0.971119,261.19,959.09,1953.68,0.751424,0.505788,0.997059,0.170318,45.85,639.0428,4.7244,2.6879,2.75822,1.461617,1.380548
2.0,2.0,0.01,64,0.970664,260.61,958.79,1953.72,0.751069,0.505076,0.997061,0.171302,45.85,648.4918,4.7222,2.688,2.797237,1.483506,1.4012
2.0,2.0,0.01,65,0.970211,260.03,958.5,1953.86,0.750719,0.504374,0.997064,0.172277,45.85,657.9366,4.72,2.6881,2.836103,1.505323,1.421781
2.0,2.0,0.01,66,0.96976,259.45,958.2,1953.91,0.750375,0.503684,0.997066,0.173241,45.86,667.377,4.7178,2.6882,2.874821,1.527068,1.442292
2.0,2.0,0.01,67,0.969311,258.87,957.91,1954.0,0.750036,0.503003,0.997068,0.174195,45.86,676.8132,4.7156,2.6883,2.913391,1.548742,1.462734
2.0,2.0,0.01,68,0.968863,258.29,957.63,1954.06,0.749702,0.502333,0.997071,0.175139,45.86,686.245,4.7134,2.6883,2.951815,1.570347,1.483107
2.0,2.0,0.01,69,0.968417,257.71,957.35,1954.1,0.749373,0.501673,0.997073,0.176074,45.86,695.6724,4.7113,2.6884,2.990096,1.591883,1.503412
2.0,2.0,0.01,70,0.967973,257.13,957.06,1954.16,0.749049,0.501022,0.997075,0.176999,45.86,705.0955,4.7091,2.6885,3.028234,1.61335,1.52365
2.0,2.0,0.01,71,0.967531,256.55,956.79,1954.18,0.74873,0.500381,0.997078,0.177914,45.86,714.5142,4.7069,2.6886,3.066231,1.634749,1.543821
2.0,2.0,0.01,72,0.96709,255.97,956.51,1954.26,0.748414,0.499749,0.99708,0.178821,45.86,723.9286,4.7048,2.6886,3.104089,1.656082,1.563928
2.0,2.0,0.01,73,0.96665,255.4,956.23,1954.32,0.748104,0.499126,0.997082,0.179719,45.86,733.3386,4.7027,2.6887,3.141809,1.677349,1.583969
2.0,2.0,0.01,74,0.966213,254.82,955.96,1954.35,0.747798,0.498511,0.997085,0.180608,45.86,742.7442,4.7005,2.6888,3.179392,1.69855,1.603946
2.0,2.0,0.01,75,0.965776,254.24,955.69,1954.38,0.747496,0.497906,0.997087,0.181488,45.87,752.1455,4.6984,2.6889,3.216841,1.719686,1.62386
2.0,2.0,0.01,76,0.965342,253.67,955.42,1954.65,0.747197,0.497306,0.997089,0.182363,45.87,761.5426,4.6963,2.689,3.254157,1.740759,1.643712
2.0,2.0,0.01,77,0.964909,253.1,955.15,1954.64,0.746904,0.496717,0.997091,0.183226,45.87,770.9353,4.6942,2.689,3.291341,1.761769,1.663501
2.0,2.0,0.01,78,0.964478,252.53,954.89,1954.67,0.746614,0.496135,0.997094,0.184081,45.87,780.3237,4.6921,2.6891,3.328394,1.782715,1.683229
2.0,2.0,0.01,79,0.964048,251.96,954.62,1954.76,0.746328,0.495561,0.997096,0.184929,45.87,789.7078,4.69,2.6892,3.365319,1.8036,1.702896
2.0,2.0,0.01,80,0.963619,251.39,954.36,1954.77,0.746047,0.494995,0.997098,0.185768,45.87,799.0877,4.6879,2.6893,3.402115,1.824423,1.722503
2.0,2.0,0.01,81,0.963193,250.82,954.1,1954.85,0.745768,0.494436,0.9971,0.186601,45.87,808.4633,4.6858,2.6893,3.438785,1.845186,1.74205
2.0,2.0,0.01,82,0.962767,250.25,953.84,1954.88,0.745493,0.493884,0.997103,0.187425,45.87,817.8347,4.6838,2.6894,3.475329,1.865888,1.761539
2.0,2.0,0.01,83,0.962343,249.68,953.59,1954.87,0.745223,0.49334,0.997105,0.188241,45.87,827.2018,4.6817,2.6895,3.51175,1.886531,1.780969
2.0,2.0,0.01,84,0.96192,249.12,953.33,1954.93,0.744955,0.492803,0.997107,0.18905,45.87,836.5648,4.6797,2.6896,3.548047,1.907115,1.800342
2.0,2.0,0.01,85,0.961499,248.55,953.08,1954.98,0.74469,0.492272,0.997109,0.189853,45.88,845.9235,4.6776,2.6897,3.584224,1.927641,1.819657
2.0,2.0,0.01,86,0.96108,247.98,952.83,1955.01,0.74443,0.491747,0.997112,0.190647,45.88,855.278,4.6756,2.6897,3.62028,1.948109,1.838916
2.0,2.0,0.01,87,0.960661,247.42,952.58,1954.98,0.744172,0.49123,0.997114,0.191434,45.88,864.6284,4.6735,2.6898,3.656216,1.96852,1.858119
2.0,2.0,0.01,88,0.960244,246.86,952.33,1955.01,0.743918,0.490719,0.997116,0.192215,45.88,873.9746,4.6715,2.6899,3.692035,1.988874,1.877266
2.0,2.0,0.01,89,0.959829,246.31,952.08,1955.11,0.743666,0.490213,0.997118,0.19299,45.88,883.3167,4.6695,2.69,3.727737,2.009172,1.896359
2.0,2.0,0.01,90,0.959415,245.76,951.81,1955.12,0.743418,0.489714,0.997121,0.193757,45.88,892.6546,4.6675,2.69,3.763324,2.029414,1.915397
2.0,2.0,0.01,91,0.959002,245.23,951.55,1955.17,0.743172,0.489221,0.997123,0.194518,45.88,901.9885,4.6655,2.6901,3.798796,2.049602,1.934382
2.0,2.0,0.01,92,0.95859,244.7,951.28,1955.14,0.74293,0.488735,0.997125,0.195271,45.88,911.3182,4.6635,2.6902,3.834155,2.069735,1.953313
2.0,2.0,0.01,93,0.95818,244.17,951.01,1955.2,0.74269,0.488253,0.997127,0.19602,45.88,920.6438,4.6615,2.6903,3.869401,2.089814,1.972192
2.0,2.0,0.01,94,0.957772,243.65,950.73,1955.24,0.742453,0.487777,0.997129,0.196762,45.88,929.9654,4.6595,2.6903,3.904536,2.10984,1.991018
2.0,2.0,0.01,95,0.957364,243.14,950.45,1955.27,0.742219,0.487306,0.997132,0.197497,45.89,939.2829,4.6575,2.6904,3.939561,2.129812,2.009792
2.0,2.0,0.01,96,0.956958,242.63,950.16,1955.28,0.741988,0.486842,0.997134,0.198226,45.89,948.5964,4.6555,2.6905,3.974476,2.149733,2.028515
2.0,2.0,0.01,97,0.956553,242.13,949.88,1955.28,0.741759,0.486382,0.997136,0.198949,45.89,957.9059,4.6535,2.6905,4.009283,2.169601,2.047188
2.0,2.0,0.01,98,0.956149,241.62,949.6,1955.29,0.741533,0.485928,0.997138,0.199666,45.89,967.2114,4.6516,2.6906,4.043984,2.189418,2.06581
2.0,2.0,0.01,99,0.955747,241.12,949.31,1955.35,0.741309,0.485478,0.99714,0.200379,45.89,976.513,4.6496,2.6907,4.078578,2.209184,2.084382
2.0,2.0,0.01,100,0.955345,240.63,949.03,1955.33,0.741088,0.485034,0.997143,0.201084,45.89,985.8106,4.6477,2.6908,4.113066,2.228899,2.102904
2.0,2.0,0.01,101,0.954945,240.13,948.75,1955.33,0.74087,0.484594,0.997145,0.201784,45.89,995.1044,4.6457,2.6908,4.147451,2.248564,2.121378
2.0,2.0,0.01,102,0.954547,239.63,948.47,1955.39,0.740653,0.484159,0.997147,0.202479,45.94,1004.3944,4.6438,2.6909,4.181732,2.26818,2.139803
2.0,2.0,0.01,103,0.954149,239.13,948.2,1955.46,0.740439,0.483728,0.997149,0.203169,45.95,1013.6807,4.6418,2.691,4.215911,2.287746,2.158181
2.0,2.0,0.01,104,0.953753,238.63,947.93,1955.48,0.740227,0.483303,0.997151,0.203853,45.95,1022.9633,4.6399,2.6911,4.249988,2.307264,2.17651
2.0,2.0,0.01,105,0.953358,238.13,947.66,1955.51,0.740018,0.482882,0.997153,0.204531,45.95,1032.2422,4.638,2.6911,4.283965,2.326734,2.194793
2.0,2.0,0.01,106,0.952964,237.62,947.4,1955.5,0.739811,0.482466,0.997155,0.205204,45.95,1041.5175,4.6361,2.6912,4.317842,2.346155,2.213028
2.0,2.0,0.01,107,0.952571,237.11,947.14,1955.52,0.739606,0.482053,0.997158,0.205872,45.95,1050.7892,4.6342,2.6913,4.35162,2.365529,2.231218
2.0,2.0,0.01,108,0.952179,236.6,946.89,1955.48,0.739403,0.481646,0.99716,0.206534,45.95,1060.0573,4.6323,2.6913,4.3853,2.384856,2.249361
2.0,2.0,0.01,109,0.951788,236.09,946.64,1955.51,0.739202,0.481242,0.997162,0.207192,45.95,1069.3219,4.6304,2.6914,4.418883,2.404136,2.267458
2.0,2.0,0.01,110,0.951399,235.57,946.4,1955.56,0.739003,0.480842,0.997164,0.207846,45.95,1078.5832,4.6285,2.6915,4.45237,2.42337,2.285511
2.0,2.0,0.01,111,0.951011,235.05,946.16,1955.61,0.738806,0.480447,0.997166,0.208494,45.95,1087.8409,4.6266,2.6916,4.485761,2.442559,2.303519
2.0,2.0,0.01,112,0.950624,234.53,945.93,1955.61,0.738612,0.480055,0.997168,0.209137,45.95,1097.0951,4.6247,2.6916,4.519058,2.461702,2.321482
2.0,2.0,0.01,113,0.950238,234.01,945.7,1955.56,0.738419,0.479668,0.99717,0.209775,45.95,1106.3455,4.6228,2.6917,4.552261,2.480799,2.339401
2.0,2.0,0.01,114,0.949853,233.49,945.46,1955.64,0.738228,0.479284,0.997172,0.21041,45.96,1115.5923,4.6209,2.6918,4.585371,2.499852,2.357277
2.0,2.0,0.01,115,0.949469,232.98,945.23,1955.59,0.73804,0.478905,0.997174,0.211038,45.96,1124.8353,4.6191,2.6918,4.618388,2.518861,2.375109
2.0,2.0,0.01,116,0.949086,232.47,944.99,1955.66,0.737852,0.478528,0.997176,0.211663,45.96,1134.0747,4.6172,2.6919,4.651314,2.537825,2.392899
2.0,2.0,0.01,117,0.948704,231.96,944.75,1955.68,0.737667,0.478155,0.997178,0.212284,45.96,1143.3103,4.6154,2.692,4.684149,2.556747,2.410646
2.0,2.0,0.01,118,0.948324,231.46,944.52,1955.72,0.737483,0.477786,0.99718,0.2129,45.96,1152.5421,4.6135,2.6921,4.716895,2.575624,2.428351
2.0,2.0,0.01,119,0.947944,230.96,944.28,1955.67,0.737302,0.477421,0.997183,0.21351,45.96,1161.7703,4.6117,2.6921,4.749551,2.594459,2.446014
2.0,2.0,0.01,120,0.947566,230.46,944.04,1955.71,0.737122,0.477059,0.997184,0.214117,45.96,1170.9947,4.6098,2.6922,4.782118,2.613252,2.463635
2.0,2.0,0.01,121,0.947188,229.96,943.8,1955.73,0.736943,0.4767,0.997186,0.214721,45.96,1180.2154,4.608,2.6923,4.814598,2.632002,2.481216
2.0,2.0,0.01,122,0.946812,229.46,943.57,1955.75,0.736767,0.476345,0.997189,0.215319,45.96,1189.4323,4.6062,2.6923,4.846991,2.650711,2.498755
2.0,2.0,0.01,123,0.946436,228.97,943.33,1955.75,0.736592,0.475993,0.997191,0.215913,45.96,1198.6456,4.6043,2.6924,4.879297,2.669377,2.516254
2.0,2.0,0.01,124,0.946062,228.47,943.09,1955.76,0.736419,0.475645,0.997193,0.216504,45.97,1207.8552,4.6025,2.6925,4.911517,2.688003,2.533713
2.0,2.0,0.01,125,0.945688,227.98,942.86,1955.76,0.736247,0.475299,0.997195,0.21709,45.97,1217.061,4.6007,2.6925,4.943653,2.706588,2.551132
2.0,2.0,0.01,126,0.945316,227.49,942.63,1955.83,0.736076,0.474956,0.997196,0.217673,45.97,1226.2632,4.5989,2.6926,4.975704,2.725132,2.568511
2.0,2.0,0.01,127,0.944944,227.0,942.39,1955.84,0.735908,0.474617,0.997198,0.218252,45.97,1235.4617,4.5971,2.6927,5.007672,2.743637,2.585852
2.0,2.0,0.01,128,0.944574,226.51,942.16,1955.85,0.735741,0.474281,0.9972,0.218826,45.97,1244.6565,4.5953,2.6927,5.039556,2.762101,2.603153
2.0,2.0,0.01,129,0.944204,226.03,941.92,1955.87,0.735575,0.473948,0.997202,0.219397,45.97,1253.8477,4.5935,2.6928,5.071358,2.780526,2.620416
2.0,2.0,0.01,130,0.943836,225.55,941.68,1955.83,0.735411,0.473618,0.997204,0.219963,45.97,1263.0352,4.5917,2.6929,5.103078,2.798911,2.637641
2.0,2.0,0.01,131,0.943468,225.07,941.45,1955.88,0.735248,0.47329,0.997206,0.220527,45.97,1272.219,4.5899,2.6929,5.134718,2.817257,2.654827
2.0,2.0,0.01,132,0.943101,224.59,941.21,1955.83,0.735087,0.472966,0.997208,0.221085,45.97,1281.3992,4.5881,2.693,5.166276,2.835565,2.671976
2.0,2.0,0.01,133,0.942736,224.12,940.97,1955.89,0.734927,0.472644,0.99721,0.221642,45.97,1290.5758,4.5863,2.6931,5.197755,2.853834,2.689087
2.0,2.0,0.01,134,0.942371,223.64,940.74,1955.85,0.734769,0.472326,0.997212,0.222193,45.97,1299.7487,4.5845,2.6931,5.229154,2.872065,2.706162
2.0,2.0,0.01,135,0.942007,223.17,940.5,1955.89,0.734612,0.472009,0.997214,0.222742,45.98,1308.918,4.5828,2.6932,5.260475,2.890259,2.723199
2.0,2.0,0.01,136,0.941644,222.7,940.26,1955.9,0.734456,0.471696,0.997216,0.223287,45.98,1318.0837,4.581,2.6933,5.291718,2.908415,2.7402
2.0,2.0,0.01,137,0.941282,222.23,940.03,1955.91,0.734301,0.471385,0.997218,0.223829,45.98,1327.2459,4.5793,2.6934,5.322883,2.926533,2.757165
2.0,2.0,0.01,138,0.940921,221.76,939.8,1955.92,0.734148,0.471077,0.99722,0.224368,45.98,1336.4044,4.5775,2.6934,5.353971,2.944615,2.774093
2.0,2.0,0.01,139,0.940561,221.29,939.57,1955.98,0.733996,0.470771,0.997222,0.224903,45.98,1345.5593,4.5757,2.6935,5.384983,2.96266,2.790986
2.0,2.0,0.01,140,0.940202,220.82,939.35,1955.85,0.733847,0.470469,0.997224,0.225432,45.98,1354.7107,4.574,2.6936,5.415919,2.980668,2.807844
2.0,2.0,0.01,141,0.939843,220.34,939.13,1955.92,0.733697,0.470168,0.997226,0.225961,45.98,1363.8585,4.5723,2.6936,5.446779,2.99864,2.824666
2.0,2.0,0.01,142,0.939486,219.86,938.91,1955.93,0.733549,0.469869,0.997228,0.226487,45.98,1373.0028,4.5705,2.6937,5.477565,3.016577,2.841453
2.0,2.0,0.01,143,0.939129,219.37,938.7,1955.96,0.733402,0.469574,0.99723,0.227008,45.98,1382.1436,4.5688,2.6938,5.508277,3.034477,2.858205
2.0,2.0,0.01,144,0.938773,218.89,938.49,1955.92,0.733256,0.469281,0.997232,0.227526,45.98,1391.2809,4.567,2.6938,5.538915,3.052343,2.874923
2.0,2.0,0.01,145,0.938418,218.41,938.28,1955.99,0.733111,0.468989,0.997233,0.228043,45.99,1400.4149,4.5653,2.6939,5.569481,3.070173,2.891607
2.0,2.0,0.01,146,0.938064,217.93,938.07,1956.0,0.732968,0.4687,0.997235,0.228555,45.99,1409.5455,4.5636,2.6939,5.599973,3.087968,2.908257
2.0,2.0,0.01,147,0.937711,217.46,937.86,1956.03,0.732825,0.468414,0.997237,0.229065,45.99,1418.6727,4.5619,2.694,5.630394,3.105729,2.924874
2.0,2.0,0.01,148,0.937359,216.99,937.64,1956.04,0.732684,0.46813,0.997239,0.229571,45.99,1427.7966,4.5602,2.6941,5.660743,3.123455,2.941457
2.0,2.0,0.01,149,0.937007,216.52,937.43,1955.99,0.732545,0.467849,0.997241,0.230073,45.99,1436.9171,4.5585,2.6941,5.691021,3.141147,2.958006
2.0,2.0,0.01,150,0.936657,216.05,937.22,1956.07,0.732405,0.467568,0.997242,0.230574,45.99,1446.0342,4.5567,2.6942,5.721228,3.158806,2.974523
2.0,2.0,0.01,151,0.936307,215.59,937.0,1956.08,0.732267,0.46729,0.997244,0.231071,45.99,1455.1479,4.555,2.6943,5.751366,3.17643,2.991007
2.0,2.0,0.01,152,0.935958,215.12,936.79,1956.06,0.732131,0.467015,0.997246,0.231565,45.99,1464.2581,4.5533,2.6943,5.781434,3.194022,3.007458
2.0,2.0,0.01,153,0.935609,214.66,936.58,1956.02,0.731995,0.466743,0.997248,0.232056,45.99,1473.3649,4.5517,2.6944,5.811433,3.211579,3.023877
2.0,2.0,0.01,154,0.935262,214.2,936.36,1956.09,0.73186,0.466471,0.99725,0.232546,45.99,1482.4682,4.55,2.6945,5.841363,3.229104,3.040264
2.0,2.0,0.01,155,0.934915,213.73,936.15,1956.04,0.731727,0.466202,0.997252,0.23303,45.99,1491.5681,4.5483,2.6945,5.871225,3.246597,3.05662
2.0,2.0,0.01,156,0.934569,213.27,935.94,1956.05,0.731594,0.465935,0.997254,0.233513,46.0,1500.6646,4.5466,2.6946,5.901019,3.264056,3.072943
2.0,2.0,0.01,157,0.934224,212.82,935.73,1956.05,0.731463,0.46567,0.997256,0.233993,46.0,1509.7577,4.5449,2.6947,5.930746,3.281484,3.089235
2.0,2.0,0.01,158,0.93388,212.36,935.52,1956.04,0.731332,0.465407,0.997257,0.234471,46.0,1518.8474,4.5432,2.6947,5.960407,3.298879,3.105496
2.0,2.0,0.01,159,0.933537,211.91,935.3,1956.13,0.731202,0.465145,0.997259,0.234947,46.0,1527.9336,4.5416,2.6948,5.990001,3.316242,3.121726
2.0,2.0,0.01,160,0.933194,211.46,935.08,1956.14,0.731073,0.464885,0.997261,0.235419,46.0,1537.0165,4.5399,2.6949,6.019529,3.333574,3.137925
2.0,2.0,0.01,161,0.932852,211.02,934.86,1956.16,0.730945,0.464628,0.997262,0.235889,46.0,1546.096,4.5382,2.6949,6.048992,3.350874,3.154094
2.0,2.0,0.01,162,0.932511,210.58,934.64,1956.17,0.730818,0.464372,0.997264,0.236356,46.0,1555.1721,4.5366,2.695,6.07839,3.368144,3.170232
2.0,2.0,0.01,163,0.93217,210.15,934.41,1956.11,0.730693,0.464119,0.997266,0.236819,46.0,1564.2447,4.5349,2.6951,6.107724,3.385382,3.186341
2.0,2.0,0.01,164,0.931831,209.72,934.18,1956.19,0.730567,0.463867,0.997268,0.237282,46.0,1573.3141,4.5333,2.6951,6.136993,3.402589,3.202419
2.0,2.0,0.01,165,0.931492,209.3,933.94,1956.15,0.730443,0.463617,0.99727,0.237741,46.0,1582.38,4.5316,2.6952,6.166199,3.419765,3.218467
2.0,2.0,0.01,166,0.931154,208.89,933.7,1956.02,0.730321,0.46337,0.997272,0.238195,46.0,1591.4426,4.53,2.6952,6.195341,3.436911,3.234486
2.0,2.0,0.01,167,0.930816,208.48,933.46,1956.2,0.730197,0.463122,0.997273,0.238653,46.01,1600.5019,4.5283,2.6953,6.22442,3.454027,3.250476
2.0,2.0,0.01,168,0.93048,208.08,933.2,1956.15,0.730076,0.462877,0.997275,0.239103,46.01,1609.5578,4.5267,2.6954,6.253437,3.471113,3.266436
2.0,2.0,0.01,169,0.930144,207.68,932.95,1956.19,0.729955,0.462634,0.997277,0.239554,46.01,1618.6104,4.5251,2.6954,6.282392,3.488169,3.282368
2.0,2.0,0.01,170,0.929809,207.29,932.69,1956.26,0.729835,0.462392,0.997278,0.240002,46.01,1627.6596,4.5234,2.6955,6.311286,3.505196,3.29827
2.0,2.0,0.01,171,0.929474,206.91,932.43,1956.2,0.729716,0.462153,0.99728,0.240445,46.01,1636.7056,4.5218,2.6956,6.340118,3.522192,3.314144
2.0,2.0,0.01,172,0.92914,206.53,932.16,1956.21,0.729598,0.461914,0.997282,0.240888,46.01,1645.7483,4.5202,2.6956,6.368889,3.53916,3.32999
2.0,2.0,0.01,173,0.928807,206.15,931.89,1956.09,0.729482,0.461679,0.997284,0.241325,46.01,1654.7877,4.5186,2.6957,6.397599,3.556098,3.345807
2.0,2.0,0.01,174,0.928475,205.77,931.63,1956.22,0.729364,0.461443,0.997285,0.241766,46.01,1663.8239,4.5169,2.6957,6.42625,3.573008,3.361597
2.0,2.0,0.01,175,0.928143,205.39,931.37,1956.21,0.729248,0.46121,0.997287,0.242201,46.01,1672.8569,4.5153,2.6958,6.45484,3.589889,3.377358
2.0,2.0,0.01,176,0.927812,205.01,931.11,1956.21,0.729133,0.460978,0.997289,0.242634,46.02,1681.8868,4.5137,2.6959,6.483372,3.606741,3.393092
2.0,2.0,0.01,177,0.927482,204.62,930.85,1956.19,0.729019,0.460748,0.997291,0.243065,46.02,1690.9136,4.5121,2.6959,6.511844,3.623565,3.408798
2.0,2.0,0.01,178,0.927152,204.23,930.6,1956.25,0.728905,0.460519,0.997292,0.243494,46.02,1699.9376,4.5105,2.696,6.540258,3.640361,3.424477
2.0,2.0,0.01,179,0.926823,203.83,930.37,1956.23,0.728793,0.460292,0.997294,0.243921,46.02,1708.9588,4.5089,2.6961,6.568614,3.657129,3.440129
2.0,2.0,0.01,180,0.926495,203.43,930.14,1956.26,0.728681,0.460066,0.997296,0.244346,46.02,1717.977,4.5073,2.6961,6.596911,3.673869,3.455754
2.0,2.0,0.01,181,0.926168,203.01,929.91,1956.33,0.728569,0.459841,0.997297,0.244769,46.02,1726.9921,4.5057,2.6962,6.625152,3.690581,3.471352
2.0,2.0,0.01,182,0.925841,202.59,929.71,1956.26,0.728459,0.459619,0.997299,0.245188,46.02,1736.0042,4.5041,2.6962,6.653335,3.707266,3.486923
2.0,2.0,0.01,183,0.925515,202.15,929.51,1956.34,0.728349,0.459397,0.997301,0.245608,46.02,1745.0131,4.5025,2.6963,6.681461,3.723923,3.502468
2.0,2.0,0.01,184,0.925189,201.71,929.32,1956.35,0.728239,0.459177,0.997302,0.246024,46.02,1754.0189,4.501,2.6964,6.709531,3.740554,3.517986
2.0,2.0,0.01,185,0.924864,201.26,929.14,1956.35,0.728131,0.458958,0.997304,0.246438,46.02,1763.0215,4.4994,2.6964,6.737544,3.757157,3.533479
2.0,2.0,0.01,186,0.92454,200.8,928.97,1956.37,0.728023,0.458741,0.997306,0.24685,46.02,1772.021,4.4978,2.6965,6.765502,3.773733,3.548945
2.0,2.0,0.01,187,0.924217,200.34,928.81,1956.37,0.727916,0.458525,0.997307,0.24726,46.03,1781.0173,4.4962,2.6966,6.793405,3.790283,3.564386
2.0,2.0,0.01,188,0.923894,199.88,928.64,1956.32,0.72781,0.458311,0.997309,0.247667,46.03,1790.0104,4.4947,2.6966,6.821252,3.806806,3.5798
2.0,2.0,0.01,189,0.923571,199.42,928.48,1956.42,0.727704,0.458097,0.99731,0.248075,46.03,1799.0005,4.4931,2.6967,6.849044,3.823303,3.595189
2.0,2.0,0.01,190,0.92325,198.96,928.32,1956.42,0.727599,0.457886,0.997312,0.248479,46.03,1807.9875,4.4915,2.6967,6.876782,3.839774,3.610553
2.0,2.0,0.01,191,0.922929,198.5,928.16,1956.42,0.727495,0.457675,0.997314,0.248881,46.03,1816.9714,4.49,2.6968,6.904466,3.856219,3.625892
2.0,2.0,0.01,192,0.922609,198.04,928.0,1956.51,0.72739,0.457465,0.997315,0.249283,46.03,1825.9524,4.4884,2.6969,6.932096,3.872638,3.641206
2.0,2.0,0.01,193,0.922289,197.58,927.83,1956.44,0.727288,0.457258,0.997317,0.249679,46.03,1834.9303,4.4869,2.6969,6.959672,3.88903,3.656494
2.0,2.0,0.01,194,0.92197,197.13,927.67,1956.44,0.727185,0.457052,0.997319,0.250076,46.03,1843.9052,4.4853,2.697,6.987195,3.905398,3.671758
2.0,2.0,0.01,195,0.921651,196.67,927.51,1956.54,0.727083,0.456845,0.99732,0.250472,46.03,1852.8771,4.4838,2.697,7.014666,3.92174,3.686997
2.0,2.0,0.01,196,0.921334,196.22,927.35,1956.51,0.726982,0.456642,0.997322,0.250864,46.03,1861.8458,4.4822,2.6971,7.042083,3.938056,3.702212
2.0,2.0,0.01,197,0.921016,195.77,927.18,1956.5,0.726881,0.456439,0.997323,0.251255,46.03,1870.8115,4.4807,2.6972,7.069449,3.954348,3.717402
2.0,2.0,0.01,198,0.9207,195.33,927.01,1956.5,0.726781,0.456237,0.997325,0.251644,46.03,1879.7741,4.4791,2.6972,7.096762,3.970614,3.732568
2.0,2.0,0.01,199,0.920384,194.89,926.84,1956.52,0.726682,0.456037,0.997327,0.252031,46.04,1888.7336,4.4776,2.6973,7.124023,3.986856,3.74771
2.0,2.0,0.01,200,0.920068,194.46,926.66,1956.57,0.726583,0.455837,0.997328,0.252417,46.04,1897.69,4.476,2.6973,7.151234,4.003073,3.762828
2.0,2.0,0.01,201,0.919754,194.03,926.48,1956.55,0.726485,0.455639,0.99733,0.252801,46.04,1906.6433,4.4745,2.6974,7.178393,4.019265,3.777922
2.0,2.0,0.01,202,0.919439,193.62,926.28,1956.58,0.726387,0.455442,0.997331,0.253183,46.04,1915.5935,4.473,2.6975,7.205501,4.035433,3.792993
2.0,2.0,0.01,203,0.919126,193.2,926.09,1956.58,0.72629,0.455246,0.997333,0.253563,46.04,1924.5406,4.4715,2.6975,7.232559,4.051576,3.80804
2.0,2.0,0.01,204,0.918813,192.79,925.89,1956.59,0.726193,0.455052,0.997335,0.253942,46.04,1933.4847,4.4699,2.6976,7.259566,4.067695,3.823063
2.0,2.0,0.01,205,0.9185,192.39,925.69,1956.61,0.726097,0.454858,0.997336,0.254319,46.04,1942.4256,4.4684,2.6976,7.286524,4.08379,3.838064
2.0,2.0,0.01,206,0.918189,191.99,925.49,1956.63,0.726002,0.454666,0.997338,0.254694,46.04,1951.3634,4.4669,2.6977,7.313432,4.099862,3.853041
2.0,2.0,0.01,207,0.917877,191.59,925.29,1956.65,0.725907,0.454474,0.997339,0.255068,46.04,1960.2982,4.4654,2.6978,7.34029,4.115909,3.867995
2.0,2.0,0.01,208,0.917567,191.19,925.08,1956.67,0.725812,0.454284,0.997341,0.25544,46.04,1969.2299,4.4639,2.6978,7.367099,4.131933,3.882927
2.0,2.0,0.01,209,0.917256,190.79,924.88,1956.64,0.725719,0.454095,0.997342,0.255809,46.04,1978.1585,4.4624,2.6979,7.39386,4.147933,3.897835
2.0,2.0,0.01,210,0.916947,190.39,924.68,1956.71,0.725625,0.453906,0.997344,0.256179,46.04,1987.084,4.4609,2.6979,7.420571,4.16391,3.912721
2.0,2.0,0.01,211,0.916638,189.99,924.48,1956.73,0.725532,0.453719,0.997345,0.256546,46.05,1996.0065,4.4594,2.698,7.447235,4.179864,3.927585
2.0,2.0,0.01,212,0.91633,189.6,924.28,1956.76,0.72544,0.453533,0.997347,0.256912,46.05,2004.9259,4.4579,2.6981,7.47385,4.195794,3.942426
2.0,2.0,0.01,213,0.916022,189.2,924.08,1956.75,0.725348,0.453348,0.997348,0.257275,46.05,2013.8422,4.4564,2.6981,7.500418,4.211702,3.957245
2.0,2.0,0.01,214,0.915715,188.8,923.88,1956.78,0.725257,0.453164,0.99735,0.257638,46.05,2022.7555,4.4549,2.6982,7.526938,4.227586,3.972042
2.0,2.0,0.01,215,0.915408,188.41,923.68,1956.84,0.725166,0.452981,0.997351,0.257999,46.05,2031.6657,4.4534,2.6982,7.55341,4.243448,3.986817
2.0,2.0,0.01,216,0.915102,188.02,923.47,1956.86,0.725076,0.452799,0.997353,0.258358,46.05,2040.5729,4.4519,2.6983,7.579836,4.259288,4.00157
2.0,2.0,0.01,217,0.914796,187.63,923.27,1956.84,0.724986,0.452618,0.997355,0.258715,46.05,2049.4771,4.4504,2.6984,7.606215,4.275104,4.016301
2.0,2.0,0.01,218,0.914491,187.24,923.07,1956.9,0.724897,0.452438,0.997356,0.259072,46.05,2058.3782,4.4489,2.6984,7.632547,4.290898,4.03101
2.0,2.0,0.01,219,0.914187,186.86,922.86,1956.91,0.724808,0.452259,0.997357,0.259427,46.05,2067.2763,4.4474,2.6985,7.658833,4.30667,4.045698
2.0,2.0,0.01,220,0.913883,186.47,922.65,1956.96,0.72472,0.452081,0.997359,0.259781,46.05,2076.1714,4.446,2.6985,7.685073,4.32242,4.060365
2.0,2.0,0.01,221,0.913579,186.09,922.45,1956.98,0.724632,0.451904,0.99736,0.260132,46.06,2085.0634,4.4445,2.6986,7.711268,4.338148,4.07501
2.0,2.0,0.01,222,0.913276,185.71,922.24,1956.99,0.724545,0.451727,0.997362,0.260482,46.06,2093.9524,4.443,2.6987,7.737416,4.353854,4.089635
2.0,2.0,0.01,223,0.912974,185.33,922.04,1957.01,0.724458,0.451552,0.997363,0.260831,46.06,2102.8384,4.4415,2.6987,7.76352,4.369538,4.104238
2.0,2.0,0.01,224,0.912672,184.94,921.83,1957.04,0.724371,0.451378,0.997365,0.261179,46.06,2111.7214,4.4401,2.6988,7.789578,4.3852,4.11882
2.0,2.0,0.01,225,0.912371,184.56,921.63,1957.08,0.724285,0.451204,0.997366,0.261525,46.06,2120.6015,4.4386,2.6988,7.815591,4.400841,4.133381
2.0,2.0,0.01,226,0.91207,184.17,921.43,1957.08,0.7242,0.451032,0.997368,0.261869,46.06,2129.4785,4.4371,2.6989,7.84156,4.41646,4.147922
2.0,2.0,0.01,227,0.91177,183.78,921.24,1957.13,0.724115,0.45086,0.997369,0.262212,46.06,2138.3525,4.4357,2.6989,7.867485,4.432058,4.162442
2.0,2.0,0.01,228,0.91147,183.39,921.05,1957.17,0.72403,0.450689,0.997371,0.262555,46.06,2147.2235,4.4342,2.699,7.893365,4.447635,4.176941
2.0,2.0,0.01,229,0.911171,182.99,920.87,1957.15,0.723946,0.45052,0.997372,0.262894,46.06,2156.0916,4.4328,2.6991,7.919201,4.46319,4.19142
2.0,2.0,0.01,230,0.910873,182.58,920.69,1957.23,0.723862,0.45035,0.997374,0.263234,46.06,2164.9567,4.4313,2.6991,7.944994,4.478725,4.205879
2.0,2.0,0.01,231,0.910574,182.18,920.52,1957.24,0.723779,0.450182,0.997375,0.263571,46.06,2173.8188,4.4299,2.6992,7.970743,4.494238,4.220318
2.0,2.0,0.01,232,0.910277,181.77,920.35,1957.28,0.723696,0.450015,0.997376,0.263908,46.07,2182.678,4.4284,2.6992,7.996449,4.509731,4.234736
2.0,2.0,0.01,233,0.90998,181.37,920.17,1957.3,0.723613,0.449849,0.997378,0.264243,46.07,2191.5342,4.427,2.6993,8.022112,4.525203,4.249135
2.0,2.0,0.01,234,0.909683,180.96,920.0,1957.33,0.723531,0.449683,0.997379,0.264577,46.07,2200.3875,4.4255,2.6994,8.047732,4.540654,4.263513
2.0,2.0,0.01,235,0.909387,180.56,919.83,1957.41,0.723449,0.449518,0.997381,0.26491,46.07,2209.2378,4.4241,2.6994,8.073309,4.556085,4.277872
2.0,2.0,0.01,236,0.909091,180.16,919.65,1957.44,0.723368,0.449354,0.997382,0.265241,46.07,2218.0853,4.4226,2.6995,8.098844,4.571495,4.292211
2.0,2.0,0.01,237,0.908796,179.77,919.47,1957.44,0.723287,0.449191,0.997384,0.26557,46.14,2226.9298,4.4212,2.6995,8.124337,4.586885,4.306531
2.0,2.0,0.01,238,0.908501,179.38,919.28,1957.5,0.723207,0.449029,0.997385,0.265899,46.14,2235.7716,4.4198,2.6996,8.149788,4.602255,4.320831
2.0,2.0,0.01,239,0.908207,178.99,919.09,1957.55,0.723127,0.448867,0.997386,0.266227,46.14,2244.6105,4.4183,2.6996,8.175197,4.617605,4.335112
2.0,2.0,0.01,240,0.907914,178.61,918.9,1957.58,0.723047,0.448706,0.997388,0.266553,46.14,2253.4466,4.4169,2.6997,8.200565,4.632935,4.349373
2.0,2.0,0.01,241,0.907621,178.24,918.71,1957.62,0.722968,0.448546,0.997389,0.266878,46.14,2262.28,4.4155,2.6998,8.225891,4.648245,4.363615
2.0,2.0,0.01,242,0.907328,177.86,918.51,1957.66,0.722889,0.448387,0.99739,0.267201,46.14,2271.1105,4.4141,2.6998,8.251177,4.663535,4.377838
2.0,2.0,0.01,243,0.907036,177.49,918.31,1957.73,0.72281,0.448228,0.997392,0.267524,46.14,2279.9383,4.4126,2.6999,8.276421,4.678805,4.392043
2.0,2.0,0.01,244,0.906744,177.12,918.11,1957.74,0.722732,0.448071,0.997393,0.267844,46.14,2288.7632,4.4112,2.6999,8.301624,4.694056,4.406228
2.0,2.0,0.01,245,0.906453,176.76,917.91,1957.82,0.722654,0.447914,0.997394,0.268165,46.15,2297.5853,4.4098,2.7,8.326787,4.709287,4.420394
2.0,2.0,0.01,246,0.906162,176.4,917.7,1957.86,0.722577,0.447758,0.997396,0.268484,46.15,2306.4046,4.4084,2.7,8.35191,4.724499,4.434542
2.0,2.0,0.01,247,0.905872,176.04,917.49,1957.95,0.722499,0.447602,0.997397,0.268803,46.15,2315.2211,4.407,2.7001,8.376993,4.739691,4.448672
2.0,2.0,0.01,248,0.905582,175.68,917.28,1957.97,0.722423,0.447447,0.997399,0.269118,46.15,2324.0348,4.4056,2.7001,8.402035,4.754864,4.462782
2.0,2.0,0.01,249,0.905293,175.33,917.07,1958.02,0.722347,0.447293,0.9974,0.269434,46.15,2332.8458,4.4042,2.7002,8.427038,4.770019,4.476874
2.0,2.0,0.01,250,0.905004,174.98,916.85,1958.07,0.722271,0.44714,0.997401,0.269748,46.15,2341.654,4.4028,2.7003,8.452002,4.785154,4.490948
2.0,2.0,0.01,251,0.904715,174.64,916.63,1958.12,0.722195,0.446987,0.997403,0.270061,46.15,2350.4597,4.4014,2.7003,8.476926,4.80027,4.505004
2.0,2.0,0.01,252,0.904427,174.3,916.41,1958.18,0.72212,0.446836,0.997404,0.270373,46.15,2359.2629,4.4,2.7004,8.501811,4.815367,4.519042
2.0,2.0,0.01,253,0.90414,173.97,916.18,1958.24,0.722045,0.446684,0.997405,0.270684,46.15,2368.0635,4.3986,2.7004,8.526656,4.830445,4.533061
2.0,2.0,0.01,254,0.903853,173.64,915.94,1958.29,0.72197,0.446534,0.997406,0.270993,46.15,2376.8616,4.3972,2.7005,8.551463,4.845505,4.547062
2.0,2.0,0.01,255,0.903566,173.32,915.71,1958.35,0.721896,0.446384,0.997408,0.271302,46.16,2385.6571,4.3958,2.7005,8.576232,4.860546,4.561046
2.0,2.0,0.01,256,0.90328,173.0,915.46,1958.42,0.721822,0.446235,0.997409,0.271609,46.16,2394.4498,4.3944,2.7006,8.600962,4.875569,4.575012
