Terminal Current [C],Cycle,SOH(measured),Stage1 [C],Stage2 [C],S1 [s],S2 [s],S3 [s],Total,r_soh,r_time,r_soh_val,delta_soh,Avg Temp [°C],Throughput [Ah],Discharge Cap [Ah],Terminal V [V],LLI [%],LAM_neg [%],LAM_pos [%]
0.05,1.0,0.985528,2.7,2.1,4.97,1015.98,2587.77,0.885375,0.999944,0.713571,0.999846,0.034059,21.22,43.5512,4.7945,2.8204,0.034059,0.004587,0.0
0.1,2.0,0.976605,3.0,1.7,0.08,1270.59,2274.5,0.929632,0.999531,0.824668,0.999764,0.135058,18.83,53.061,4.7511,2.8206,0.116188,0.05648,0.047419
0.01,3.0,0.989438,0.4,0.7,1800.0,2978.65,3005.91,0.599586,0.999029,0.0,0.999872,0.169701,12.45,62.6937,4.8135,2.8209,0.208295,0.121731,0.108022
0.01,4.0,0.98621,0.7,3.0,1028.57,63.46,3758.44,0.250466,0.12623,1e-05,0.99985,0.592129,17.17,72.3037,4.7978,2.8216,0.483378,0.320047,0.301723
0.1,5.0,0.971377,2.0,2.3,6.81,873.93,2238.85,0.996533,0.99449,0.996994,0.999698,0.252585,21.13,81.7632,4.7257,2.8218,0.589964,0.39608,0.373321
0.01,6.0,0.982827,1.9,3.3,9.7,496.91,3437.29,0.442703,0.526592,0.080252,0.999825,0.49493,20.54,91.3374,4.7814,2.8223,0.779512,0.532509,0.505166
0.02,7.0,0.978561,0.7,3.5,1028.57,16.06,3436.64,0.201397,0.003196,0.000404,0.999785,0.773457,17.58,100.8958,4.7606,2.8229,1.042106,0.722238,0.690372
0.05,8.0,0.973328,3.6,1.0,0.0,2160.0,2722.25,0.596242,0.990735,7e-06,0.999725,0.277514,15.41,110.3783,4.7352,2.8232,1.131537,0.785973,0.749645
0.01,9.0,0.977967,3.0,1.7,0.06,1270.59,3444.87,0.591916,0.97986,3.9e-05,0.999779,0.315013,16.87,119.9015,4.7577,2.8234,1.228824,0.855479,0.81461
0.02,10.0,0.97497,1.0,2.7,631.05,433.69,3109.36,0.488831,0.713551,0.008655,0.999746,0.456538,18.7,129.3973,4.7431,2.8238,1.361836,0.951086,0.905714
0.02,11.0,0.970349,3.2,4.0,0.0,24.8,3423.7,0.570011,0.0,0.925185,0.999683,1.597646,22.06,138.8631,4.7207,2.8248,1.772556,1.249399,1.199642
0.1,12.0,0.958166,0.4,0.5,1800.0,4320.0,1595.14,0.595939,0.990128,0.0,0.999437,0.280565,12.0,148.1906,4.6614,2.825,1.841836,1.298773,1.244745
0.02,13.0,0.966803,3.9,3.5,0.0,431.52,3071.37,0.551017,3e-06,0.877727,0.999626,1.109618,22.09,157.6131,4.7034,2.8256,2.092117,1.480326,1.421905
0.02,1.0,0.989703,0.7,2.3,1028.57,564.59,3101.86,0.599967,0.999934,4.8e-05,0.999873,0.041513,18.49,43.5917,4.8148,2.8204,0.041513,0.004649,0.0
0.02,2.0,0.988816,2.1,0.5,4.86,4320.0,3199.98,0.599641,0.99917,0.0,0.999868,0.16224,12.54,53.2305,4.8105,2.8207,0.1349,0.069946,0.060669
0.1,3.0,0.975243,2.8,1.8,0.26,1200.0,2257.31,0.966737,0.998305,0.918664,0.999749,0.196279,19.22,62.7281,4.7445,2.821,0.238839,0.143853,0.130115
0.01,4.0,0.987602,1.5,2.3,65.36,839.91,3438.0,0.598975,0.995903,0.001605,0.99986,0.238415,18.46,72.3456,4.8046,2.8213,0.355546,0.22707,0.208699
0.05,5.0,0.980419,2.2,2.7,3.16,696.22,2619.47,0.988119,0.992033,0.978364,0.999803,0.270267,21.38,81.8939,4.7697,2.8216,0.47786,0.314452,0.291539
0.05,6.0,0.979381,1.6,1.8,31.12,1200.0,2607.55,0.678216,0.995719,0.199925,0.999793,0.24051,18.51,91.4304,4.7646,2.8218,0.580299,0.387448,0.36001
0.1,7.0,0.969843,2.8,3.1,0.24,563.85,2233.78,0.973972,0.935213,0.999879,0.999676,0.372873,23.65,100.879,4.7182,2.8222,0.72666,0.492538,0.460679
0.01,8.0,0.982415,4.0,1.5,0.0,1440.0,3484.45,0.596835,0.992172,5e-06,0.999821,0.269421,16.41,110.4473,4.7794,2.8225,0.827165,0.564223,0.527786
0.05,9.0,0.975447,0.9,2.0,800.0,689.0,2631.11,0.599957,0.985259,0.014758,0.999751,0.299892,17.8,119.9456,4.7455,2.8227,0.933226,0.640015,0.599094
0.05,10.0,0.972655,0.8,3.3,900.0,21.03,2966.16,0.254282,0.002517,0.13333,0.999716,0.784874,18.75,129.4327,4.7319,2.8233,1.183281,0.820795,0.775439
0.1,11.0,0.963663,3.2,1.6,0.0,1350.0,2259.23,0.879083,0.985391,0.712534,0.999566,0.299459,18.71,138.8168,4.6881,2.8236,1.274245,0.885803,0.8361
0.01,12.0,0.976719,0.1,0.6,7200.0,3532.66,2871.28,0.596876,0.992308,0.0,0.999766,0.268578,11.06,148.3247,4.7517,2.8238,1.353715,0.942435,0.888215
0.02,13.0,0.974117,0.4,1.3,1800.0,1305.36,2968.16,0.590583,0.976591,0.0,0.999735,0.322336,14.13,157.8086,4.739,2.824,1.445393,1.007943,0.949239
0.01,14.0,0.974507,3.2,1.4,0.0,1542.86,3484.47,0.58726,0.968278,2e-06,0.99974,0.337214,16.12,167.2996,4.7409,2.8243,1.537995,1.074187,1.010984
0.02,15.0,0.972055,2.8,1.3,0.21,1661.54,3141.25,0.587126,0.967945,1.6e-05,0.999708,0.337727,16.06,176.767,4.729,2.8245,1.627806,1.138443,1.070775
0.01,16.0,0.970722,0.6,3.4,1200.0,17.6,3791.63,0.199948,2.3e-05,2e-06,0.999689,1.008227,16.66,186.2343,4.7225,2.8251,1.873593,1.316586,1.244515
0.05,17.0,0.963508,2.8,3.0,0.2,578.43,2601.16,0.741158,0.358589,0.994525,0.999562,0.52769,22.16,195.618,4.6874,2.8254,1.99637,1.405102,1.328655
0.1,18.0,0.955188,3.2,0.6,0.0,3600.0,2341.15,0.588355,0.971211,0.0,0.999352,0.33245,13.41,204.9259,4.6469,2.8256,2.072628,1.459738,1.379059
0.1,19.0,0.954977,1.8,0.2,12.17,10800.0,2285.78,0.591147,0.978195,0.0,0.999345,0.318878,10.87,214.2365,4.6459,2.8258,2.144351,1.511093,1.426205
0.05,20.0,0.957655,2.8,3.9,0.19,26.72,2953.72,0.599584,0.0,0.999249,0.999423,1.86473,23.21,223.5758,4.6589,2.8268,2.520993,1.785342,1.696277
0.1,21.0,0.948902,2.2,1.0,2.51,2160.0,2293.35,0.566948,0.917285,0.000521,0.999127,0.385428,15.66,232.8187,4.6163,2.827,2.596844,1.839834,1.746575
0.1,22.0,0.948013,1.8,1.4,11.6,1542.86,2236.99,0.664958,0.876778,0.286072,0.99909,0.406559,17.67,242.0502,4.612,2.8272,2.675102,1.896172,1.798713
0.05,23.0,0.955231,3.9,0.9,0.0,2400.0,2688.46,0.553872,0.885003,1e-06,0.999353,0.402825,14.95,251.3558,4.6471,2.8274,2.751302,1.950986,1.849246
0.02,24.0,0.958707,0.5,1.1,1440.0,1591.92,2896.79,0.536647,0.841893,0.0,0.999451,0.420363,14.09,260.689,4.664,2.8276,2.829268,2.007087,1.90101
0.02,25.0,0.957962,3.4,0.5,0.0,4320.0,3151.47,0.556199,0.890782,0.0,0.999431,0.40006,12.54,270.0246,4.6604,2.8278,2.902315,2.059616,1.949225
0.05,26.0,0.952477,0.8,2.1,900.0,596.31,2628.65,0.369966,0.411213,0.014069,0.999263,0.517093,17.7,279.2988,4.6337,2.8281,2.993871,2.125746,2.011088
0.01,27.0,0.956968,3.5,2.9,0.0,595.59,3409.83,0.238767,0.052182,0.045034,0.999404,0.638068,20.14,288.6192,4.6556,2.8283,3.103471,2.205145,2.08616
0.01,28.0,0.954675,0.3,3.4,2400.0,14.01,3801.11,0.199867,0.0,0.0,0.999336,1.327899,14.94,297.9362,4.6444,2.8289,3.319432,2.362481,2.239284
0.01,29.0,0.950973,3.3,3.7,0.0,39.19,3751.33,0.31504,0.0,0.287995,0.999209,2.129726,21.09,307.2194,4.6264,2.8297,3.643456,2.599184,2.471895
0.01,30.0,0.950224,0.7,1.6,1028.57,909.2,3391.44,0.337521,0.344213,0.0,0.99918,0.530694,15.48,316.4702,4.6228,2.8299,3.723425,2.657028,2.525469
0.02,31.0,0.947892,0.7,1.5,1028.57,1001.49,3013.72,0.3601,0.400706,1e-06,0.999085,0.519168,15.66,325.6981,4.6114,2.8301,3.800502,2.712815,2.577012
0.01,32.0,0.945841,2.4,3.7,0.91,31.09,3753.69,0.318994,0.0,0.297988,0.998992,2.220194,20.72,334.9238,4.6014,2.8309,4.106904,2.936987,2.797143
0.05,33.0,0.940095,2.1,0.1,3.21,21600.0,2569.17,0.467346,0.669026,0.0,0.998677,0.466487,10.34,344.0889,4.5735,2.8311,4.171614,2.983783,2.839833
0.1,34.0,0.931752,1.7,0.2,14.41,10800.0,2234.84,0.51654,0.79233,0.0,0.998038,0.436237,10.84,353.1716,4.5329,2.8313,4.231592,3.027145,2.879196
0.01,35.0,0.942648,0.9,3.7,710.63,7.3,3761.22,0.199931,0.0,0.000413,0.998827,1.319279,17.9,362.3663,4.5859,2.8317,4.402993,3.152387,3.000311
0.1,36.0,0.927992,3.7,2.7,0.0,645.24,2206.52,0.610277,0.02707,0.999793,0.997657,0.670565,23.41,371.4027,4.5146,2.832,4.489585,3.215483,3.059362
0.05,37.0,0.935933,0.3,0.2,2400.0,10800.0,1672.92,0.509589,0.774778,0.0,0.99839,0.441167,10.57,380.5152,4.5532,2.8321,4.547001,3.257084,3.096877
0.02,38.0,0.938496,1.9,2.8,6.77,603.02,3046.89,0.444872,0.006248,0.606644,0.998573,0.741388,20.76,389.654,4.5657,2.8324,4.640206,3.324994,3.160623
0.01,39.0,0.939234,1.3,1.4,143.33,1471.14,3349.64,0.28048,0.201886,3e-06,0.998622,0.565455,16.2,398.7977,4.5693,2.8326,4.711092,3.376534,3.207991
0.02,40.0,0.936988,3.4,1.3,0.0,1661.54,3058.67,0.295582,0.239683,3.7e-05,0.998468,0.554972,16.36,407.9211,4.5584,2.8328,4.779925,3.426583,3.253896
0.1,41.0,0.92376,3.7,2.8,0.0,604.67,2204.59,0.60213,0.00689,0.999865,0.997139,0.736702,23.89,416.9167,4.494,2.833,4.868919,3.491605,3.314917
0.02,42.0,0.935424,3.8,0.5,0.0,4320.0,3111.54,0.375697,0.440068,0.0,0.99835,0.511471,12.53,426.0314,4.5508,2.8332,4.931022,3.536769,3.355972
0.1,43.0,0.923946,3.1,0.1,0.0,21600.0,2217.75,0.4104,0.527418,0.0,0.997164,0.494772,10.32,435.0388,4.4949,2.8334,4.990517,3.580006,3.395304
0.1,44.0,0.920676,0.8,3.8,900.0,3.75,2560.79,0.564657,0.0,0.913296,0.996692,1.320163,19.38,444.0293,4.479,2.8338,5.141575,3.690736,3.502152
0.1,45.0,0.919791,3.7,2.0,0.0,982.89,2194.84,0.640341,0.107942,0.994636,0.996551,0.600569,20.87,452.9838,4.4747,2.8339,5.210745,3.741256,3.54871
0.1,46.0,0.919028,2.8,2.3,0.1,805.96,2199.46,0.617765,0.047162,0.999037,0.996424,0.643136,21.59,461.9316,4.471,2.8341,5.283792,3.794684,3.598181
0.05,47.0,0.92574,3.8,3.1,0.0,501.72,2582.85,0.598639,2e-05,0.99788,0.997394,1.015631,23.09,470.9462,4.5036,2.8345,5.395905,3.876888,3.676374
0.1,48.0,0.917443,1.3,0.8,128.62,2700.0,2133.74,0.354866,0.389087,3e-06,0.996147,0.521483,14.69,479.8797,4.4633,2.8346,5.454149,3.919404,3.714971
0.1,49.0,0.916528,3.1,1.2,0.0,1800.0,2203.2,0.306949,0.22338,0.046003,0.995977,0.559337,17.02,488.8039,4.4588,2.8348,5.515865,3.964506,3.756154
0.05,50.0,0.923904,0.6,0.7,1200.0,2683.94,2205.78,0.35657,0.392847,0.0,0.997159,0.520731,13.4,497.7972,4.4947,2.835,5.573122,4.006298,3.793946
0.02,51.0,0.926481,0.8,3.7,885.32,4.74,3402.65,0.200561,0.0,0.002659,0.997484,1.405591,17.86,506.8427,4.5072,2.8354,5.72031,4.114408,3.898105
0.01,52.0,0.92728,1.9,1.1,6.06,1963.64,3413.84,0.24222,0.106762,0.0,0.997577,0.601155,15.11,515.8718,4.5111,2.8355,5.784093,4.161024,3.940666
0.02,53.0,0.923025,3.7,3.5,0.0,70.02,3349.17,0.576652,0.0,0.94311,0.997038,2.430961,22.17,524.8719,4.4904,2.8362,6.027057,4.339923,4.115783
0.1,54.0,0.909871,2.7,2.9,0.16,555.56,2194.96,0.598964,0.000237,0.999925,0.994497,0.897397,23.48,533.7327,4.4264,2.8364,6.116446,4.405633,4.177626
0.02,55.0,0.921404,4.0,1.3,0.0,1661.54,3018.81,0.227106,0.069308,5.5e-05,0.996803,0.623684,16.38,542.7033,4.4825,2.8366,6.17895,4.451434,4.219423
0.01,56.0,0.920996,1.1,3.4,349.84,21.79,3736.76,0.205973,0.0,0.016562,0.996741,1.74138,19.14,551.6757,4.4806,2.8371,6.345445,4.57407,4.338187
0.1,57.0,0.907164,1.7,0.5,11.91,4320.0,2238.53,0.320638,0.304719,0.0,0.99375,0.539282,12.71,560.5134,4.4133,2.8372,6.398181,4.612731,4.373029
0.1,58.0,0.905837,2.2,2.0,1.6,957.64,2185.65,0.60918,0.030145,0.996132,0.993347,0.665292,20.49,569.3317,4.4068,2.8374,6.462081,4.659719,4.416174
0.1,59.0,0.905972,0.1,0.5,7200.0,4009.31,1546.28,0.375041,0.440908,0.0,0.99339,0.511308,10.96,578.1497,4.4075,2.8375,6.51149,4.695972,4.448618
0.1,60.0,0.90379,1.7,3.3,11.74,419.5,2206.44,0.598526,0.0,0.999976,0.992676,1.69451,25.08,586.9538,4.3969,2.838,6.666614,4.810456,4.559397
0.05,61.0,0.909922,4.0,3.3,0.0,424.03,2582.12,0.598515,0.0,0.999031,0.99451,1.682698,23.86,595.8172,4.4267,2.8384,6.817757,4.921999,4.667156
0.01,62.0,0.914804,3.5,2.8,0.0,577.38,3394.78,0.223848,9e-05,0.061711,0.995637,0.943362,20.1,604.7248,4.4504,2.8386,6.902567,4.984493,4.72571
0.05,63.0,0.90834,1.9,1.2,5.39,1800.0,2538.16,0.221952,0.056237,0.001601,0.994086,0.6343,16.41,613.5681,4.419,2.8388,6.959988,5.026755,4.764093
0.01,64.0,0.913759,2.6,0.5,0.24,4320.0,3431.17,0.240773,0.104223,0.0,0.995417,0.602436,12.37,622.4707,4.4454,2.8389,7.014364,5.066742,4.800154
0.02,65.0,0.911071,1.8,2.9,7.8,537.95,3032.12,0.507885,1.7e-05,0.772295,0.994799,1.022639,20.9,631.3425,4.4323,2.8392,7.103865,5.132771,4.862287
0.05,66.0,0.906066,3.4,1.4,0.0,1536.18,2513.69,0.224555,0.03533,0.029348,0.993419,0.657478,17.59,640.1625,4.4079,2.8393,7.161868,5.175526,4.901181
0.1,67.0,0.897651,1.8,1.2,7.7,1800.0,2150.29,0.251312,0.06272,0.070443,0.990232,0.628777,16.95,648.9014,4.367,2.8395,7.217009,5.216215,4.938102
0.1,68.0,0.896252,0.3,4.0,2400.0,0.78,2581.33,0.197915,0.0,3e-06,0.989571,1.640717,15.69,657.6663,4.3602,2.8399,7.354888,5.31821,5.036486
0.01,69.0,0.909121,2.8,1.6,0.04,1280.21,3373.05,0.203844,0.012389,7.2e-05,0.994299,0.708499,16.82,666.5166,4.4228,2.8401,7.415447,5.362863,5.077236
0.1,70.0,0.895266,0.9,0.5,624.73,4240.14,1577.86,0.301778,0.259906,0.0,0.989079,0.549831,12.98,675.2299,4.3554,2.8402,7.462632,5.397678,5.108322
0.05,71.0,0.901993,2.7,2.2,0.12,820.34,2569.37,0.58286,0.004168,0.956966,0.992032,0.760774,20.42,684.0114,4.3881,2.8404,7.526565,5.444931,5.151746
0.01,72.0,0.905419,2.0,3.9,3.36,17.03,3747.45,0.333294,0.0,0.336626,0.993215,2.703358,20.53,692.8435,4.4048,2.841,7.743122,5.605334,5.308572
0.01,73.0,0.90423,3.9,3.1,0.0,469.45,3394.75,0.263443,0.0,0.162194,0.992826,1.362585,20.96,701.6501,4.399,2.8413,7.851674,5.685696,5.385143
0.1,74.0,0.889642,1.4,2.7,32.94,579.48,2181.95,0.597151,9.5e-05,0.999883,0.985798,0.941029,23.2,710.3122,4.328,2.8415,7.926567,5.741237,5.436991
0.1,75.0,0.889711,3.4,0.3,0.0,7200.0,2190.98,0.271465,0.185741,0.0,0.985844,0.570377,11.4,718.9822,4.3284,2.8416,7.972706,5.775352,5.467459
0.05,76.0,0.89566,3.3,3.2,0.0,434.61,2572.98,0.597463,0.0,0.999017,0.989278,1.614026,23.9,727.7057,4.3573,2.842,8.097369,5.867813,5.556252
0.1,77.0,0.887669,0.8,0.5,789.05,4045.72,1584.56,0.271696,0.187024,0.0,0.984431,0.569975,12.95,736.3453,4.3184,2.8421,8.142658,5.901347,5.586117
0.1,78.0,0.887027,0.3,0.9,2400.0,1834.64,1975.48,0.2213,0.06127,0.0,0.983958,0.629964,13.27,744.979,4.3153,2.8423,8.192186,5.938067,5.619162
0.05,79.0,0.89398,3.8,1.5,0.0,1374.25,2528.16,0.249607,0.013126,0.11669,0.988402,0.70571,18.02,753.6813,4.3491,2.8424,8.247139,5.978811,5.656143
0.1,80.0,0.88587,0.8,0.7,784.1,2661.62,1853.0,0.235907,0.098231,0.0,0.983071,0.605573,14.13,762.3036,4.3097,2.8426,8.294341,6.013829,5.687495
0.02,81.0,0.897184,0.6,1.7,1200.0,715.72,3041.32,0.198889,0.00221,3e-06,0.990016,0.791072,15.89,771.0372,4.3647,2.8427,8.355,6.058812,5.728694
0.01,82.0,0.897346,0.4,2.6,1800.0,73.66,3720.95,0.198018,0.0,0.0,0.990092,1.615657,15.49,779.7769,4.3655,2.8431,8.474916,6.147832,5.814054
0.1,83.0,0.882988,0.4,2.0,1800.0,526.52,2232.78,0.196315,0.000279,0.000185,0.980647,0.889724,16.19,788.3731,4.2957,2.8433,8.54138,6.197237,5.859837
0.1,84.0,0.881915,1.9,2.8,4.56,551.14,2175.82,0.595911,1.1e-05,0.999938,0.979659,1.042916,23.61,796.9611,4.2904,2.8435,8.618268,6.254446,5.913431
0.1,85.0,0.881006,0.1,3.7,7200.0,3.89,2573.47,0.195757,0.0,0.0,0.978784,1.680783,12.68,805.5719,4.286,2.8438,8.739386,6.344516,6.000032
0.1,86.0,0.880169,3.3,1.2,0.0,1800.0,2118.26,0.245223,0.022764,0.101321,0.977947,0.679027,17.18,814.1397,4.2819,2.844,8.78942,6.381734,6.033617
0.1,87.0,0.879553,3.0,1.4,0.0,1489.26,2136.32,0.472493,0.014654,0.677923,0.97731,0.700393,18.4,822.7012,4.2789,2.8441,8.840673,6.419903,6.068158
0.02,88.0,0.891068,3.5,2.2,0.0,796.02,3028.97,0.286751,0.000803,0.222718,0.986712,0.839363,19.52,831.3759,4.335,2.8443,8.901395,6.465073,6.109584
0.1,89.0,0.878446,0.1,1.8,7200.0,625.7,2206.82,0.195486,0.000655,0.0,0.976119,0.849054,12.47,839.9277,4.2736,2.8445,8.962271,6.510438,6.151366
0.01,90.0,0.88973,3.3,3.9,0.0,17.55,3742.98,0.338429,0.0,0.353146,0.985856,2.772003,20.78,848.6035,4.3285,2.845,9.153099,6.652464,6.289977
0.1,91.0,0.87479,1.6,3.1,13.29,440.49,2183.3,0.594338,0.0,0.999976,0.971738,1.570319,24.52,857.1235,4.2558,2.8453,9.260593,6.73261,6.366648
0.05,92.0,0.881995,1.1,2.3,254.72,610.21,2570.89,0.569448,0.000253,0.9335,0.979735,0.894425,20.31,865.7101,4.2908,2.8455,9.322484,6.778745,6.409127
0.1,93.0,0.873219,3.7,2.8,0.0,542.53,2169.63,0.593906,3e-06,0.999949,0.969625,1.103957,24.26,874.2126,4.2481,2.8458,9.397655,6.834893,6.461736
0.05,94.0,0.879878,0.9,4.0,564.56,0.9,2909.28,0.557484,0.0,0.904885,0.977648,1.744389,19.87,882.8109,4.2805,2.8461,9.51406,6.921691,6.545034
0.05,95.0,0.879312,3.2,1.6,0.0,1228.02,2539.34,0.332248,0.004409,0.337684,0.977056,0.758081,18.65,891.3707,4.2778,2.8462,9.56568,6.960228,6.579922
0.02,96.0,0.883235,3.6,1.1,0.0,1963.64,2961.46,0.19947,0.008236,5e-06,0.980867,0.72814,15.68,899.9686,4.2969,2.8464,9.615173,6.997166,6.613175
0.1,97.0,0.870527,2.0,1.0,2.63,2160.0,2124.51,0.202265,0.020032,0.002811,0.965641,0.685247,15.91,908.4435,4.235,2.8465,9.661563,7.031868,6.644321
0.05,98.0,0.87768,2.0,1.5,2.62,1332.68,2530.2,0.261205,0.004942,0.16044,0.975259,0.75262,17.98,916.9871,4.2698,2.8467,9.71214,7.069669,6.678487
0.1,99.0,0.869234,3.4,1.9,0.0,963.84,2175.16,0.592229,0.002445,0.996352,0.963553,0.786253,20.86,925.4484,4.2287,2.8468,9.764517,7.108898,6.714167
0.01,100.0,0.882458,1.5,1.4,18.09,1442.57,3358.6,0.197296,0.003144,1.4e-05,0.980165,0.774247,16.47,934.0381,4.2931,2.847,9.816068,7.147394,6.748983
0.05,101.0,0.87537,0.6,3.3,1200.0,7.21,2927.52,0.199607,0.0,0.012777,0.972482,1.62873,17.54,942.5777,4.2586,2.8473,9.920828,7.225666,6.82379
0.02,102.0,0.878583,0.4,2.7,1800.0,32.8,3390.43,0.195254,0.0,0.0,0.97627,1.696116,15.76,951.1342,4.2742,2.8476,10.028826,7.306328,6.900966
0.02,103.0,0.878351,0.1,0.6,7200.0,2950.48,2584.57,0.208594,0.033478,0.0,0.976014,0.660134,11.16,959.6832,4.2731,2.8478,10.072112,7.338691,6.929699
0.02,104.0,0.876079,4.0,3.7,0.0,20.45,3371.18,0.577159,0.0,0.956215,0.973365,2.80168,21.76,968.23,4.262,2.8482,10.245902,7.468564,7.056285
0.05,105.0,0.871207,0.9,1.5,537.62,993.53,2539.03,0.204103,0.002827,0.024085,0.966692,0.779321,17.37,976.7103,4.2383,2.8484,10.295527,7.505747,7.089885
0.02,106.0,0.874076,2.7,3.2,0.04,399.0,3034.19,0.568197,0.0,0.935094,0.970795,2.144372,21.8,985.2234,4.2523,2.8488,10.426739,7.603909,7.184653
0.01,107.0,0.874527,0.3,2.8,2400.0,22.14,3771.3,0.194279,0.0,0.0,0.971394,1.750752,14.72,993.7445,4.2545,2.8491,10.533229,7.683585,7.260882
0.01,108.0,0.874451,2.1,0.2,1.49,10800.0,3304.95,0.205028,0.026924,0.0,0.971294,0.670831,10.74,1002.2655,4.2541,2.8492,10.575286,7.71508,7.288821
0.1,109.0,0.859314,0.5,3.4,1440.0,4.38,2564.02,0.206103,0.0,0.043769,0.942975,1.660166,17.38,1010.6528,4.1805,2.8495,10.674978,7.789817,7.360242
0.1,110.0,0.857881,2.1,3.1,1.46,421.44,2178.02,0.587837,0.0,0.999983,0.939218,1.796461,24.75,1019.0065,4.1735,2.8498,10.781708,7.869861,7.436985
0.1,111.0,0.856728,4.0,3.1,0.0,421.03,2178.21,0.5872,0.0,0.999983,0.936031,1.811243,25.38,1027.3491,4.1679,2.8501,10.888326,7.94984,7.513675
0.01,112.0,0.869707,0.8,2.5,705.88,363.12,3458.87,0.192968,0.0,0.000254,0.964331,1.278102,17.64,1035.8171,4.231,2.8504,10.963831,8.00645,7.566774
0.1,113.0,0.855362,3.2,2.0,0.0,871.84,2174.95,0.586113,0.000713,0.998546,0.932049,0.845027,21.33,1044.1437,4.1613,2.8505,11.014129,8.044366,7.601245
0.05,114.0,0.862613,2.0,2.0,2.21,868.66,2554.15,0.566324,0.000503,0.939903,0.950809,0.861631,20.01,1052.5411,4.1965,2.8507,11.065266,8.082842,7.636204
0.02,115.0,0.865222,2.7,3.3,0.02,31.96,3358.01,0.574014,0.0,0.956899,0.95627,2.787011,21.52,1060.967,4.2092,2.8511,11.224013,8.201886,7.752045
0.02,116.0,0.864099,0.9,3.7,505.11,3.28,3374.48,0.246153,0.0,0.138384,0.953995,1.864939,19.02,1069.4062,4.2038,2.8514,11.329881,8.281356,7.828151
0.01,117.0,0.863854,3.2,3.2,0.0,39.78,3718.75,0.333782,0.0,0.357714,0.953483,2.771765,20.84,1077.8238,4.2026,2.8519,11.4844,8.39731,7.940904
0.01,118.0,0.863858,2.5,0.3,0.18,7200.0,3315.16,0.19871,0.020031,0.0,0.953491,0.685251,11.26,1086.2397,4.2026,2.852,11.524102,8.427171,7.967275
0.1,119.0,0.848934,2.4,2.8,0.31,507.73,2166.31,0.582002,0.0,0.999965,0.910079,1.294991,23.78,1094.5053,4.13,2.8522,11.596492,8.481772,8.018547
0.02,120.0,0.859876,3.4,3.1,0.0,407.89,3027.85,0.5623,0.0,0.933556,0.944389,2.014388,22.25,1102.8783,4.1832,2.8526,11.707243,8.565004,8.098468
0.05,121.0,0.854877,1.5,2.3,15.14,687.52,2548.02,0.581711,4.7e-05,0.98894,0.930583,0.974142,21.05,1111.2012,4.1589,2.8527,11.761597,8.606034,8.13605
0.01,122.0,0.860517,0.6,1.0,1200.0,1447.43,3275.55,0.190194,0.002506,0.0,0.945959,0.78507,14.24,1119.5772,4.1863,2.8529,11.805761,8.639341,8.165848
0.05,123.0,0.853782,0.8,2.2,676.23,474.24,2597.53,0.33834,1e-05,0.38226,0.927162,1.0501,18.72,1127.8892,4.1536,2.8531,11.863708,8.683106,8.206191
0.05,124.0,0.853596,1.8,0.6,4.79,3600.0,2484.83,0.191705,0.015978,0.0,0.926567,0.69621,13.28,1136.2012,4.1527,2.8532,11.902779,8.712622,8.232272
0.05,125.0,0.853195,1.7,0.5,7.1,4320.0,2479.54,0.193389,0.020839,0.0,0.925265,0.683327,12.64,1144.5103,4.1507,2.8533,11.941039,8.741551,8.25778
0.02,126.0,0.855578,1.6,3.4,10.3,21.02,3360.35,0.569018,0.0,0.956198,0.932695,2.850841,21.29,1152.8468,4.1623,2.8537,12.092366,8.855404,8.368523
0.05,127.0,0.849527,3.5,3.9,0.0,13.99,2889.7,0.58233,0.0,0.999652,0.912347,2.80031,23.34,1161.1511,4.1329,2.8542,12.239303,8.966007,8.476061
0.01,128.0,0.855634,2.5,0.2,0.15,10800.0,3272.23,0.192918,0.015866,0.0,0.93286,0.696552,10.72,1169.4878,4.1626,2.8543,12.277361,8.99471,8.501361
0.05,129.0,0.848204,1.7,2.9,6.84,458.76,2545.27,0.581036,0.0,0.998984,0.907212,1.56315,22.82,1177.7469,4.1264,2.8546,12.359397,9.056667,8.560023
0.1,130.0,0.839859,0.9,2.0,465.81,624.01,2196.79,0.567386,0.000123,0.984232,0.868222,0.928837,19.9,1185.9226,4.0858,2.8547,12.408735,9.094082,8.594118
0.1,131.0,0.838317,1.5,3.2,14.21,26.69,2505.55,0.571926,0.0,0.99999,0.859649,2.786784,24.46,1194.0892,4.0783,2.8551,12.551422,9.201668,8.698744
0.02,132.0,0.8497,0.5,2.8,1440.0,17.17,3404.43,0.182604,0.0,9e-06,0.913,1.669185,16.27,1202.3687,4.1337,2.8554,12.637194,9.266347,8.760142
0.1,133.0,0.83731,3.0,0.4,0.0,5400.0,2080.21,0.183799,0.032595,0.0,0.853803,0.661451,12.06,1210.5238,4.0734,2.8555,12.672247,9.29296,8.783498
0.02,134.0,0.849083,0.7,0.6,866.61,2957.48,2652.31,0.185747,0.00904,0.0,0.910653,0.723669,13.26,1218.7875,4.1307,2.8556,12.710424,9.321914,8.809038
0.02,135.0,0.848704,0.4,0.5,1800.0,3485.35,2490.59,0.187466,0.014075,0.0,0.909181,0.702342,12.2,1227.0474,4.1289,2.8558,12.747431,9.349997,8.833722
0.02,136.0,0.846751,2.7,3.6,0.0,19.81,3359.76,0.564651,0.0,0.960995,0.901263,2.827459,21.83,1235.311,4.1194,2.8562,12.888695,9.456602,8.937281
0.02,137.0,0.845217,3.5,4.0,0.0,11.42,3364.27,0.563892,0.0,0.962422,0.894614,2.815175,21.63,1243.5757,4.1119,2.8566,13.027943,9.561681,9.039323
0.01,138.0,0.846308,1.7,2.0,6.33,826.02,3407.37,0.181707,7e-05,0.004509,0.899379,0.955565,18.33,1251.8145,4.1172,2.8568,13.076379,9.598423,9.072662
0.1,139.0,0.830999,2.4,3.6,0.23,19.14,2508.6,0.562495,0.0,0.999992,0.81249,2.787478,24.45,1259.9246,4.0427,2.8572,13.212251,9.701162,9.172498
0.01,140.0,0.844724,0.6,0.4,1179.46,4660.36,2571.5,0.184141,0.014154,0.0,0.892397,0.702073,12.06,1268.1455,4.1095,2.8573,13.24803,9.728256,9.196228
0.02,141.0,0.841279,1.6,3.2,9.09,26.77,3355.93,0.557601,0.0,0.956144,0.875717,2.820456,21.41,1276.3394,4.0927,2.8577,13.383939,9.831008,9.295971
0.02,142.0,0.84129,2.2,0.4,0.62,5400.0,2911.68,0.180431,0.013192,0.0,0.875773,0.705471,11.9,1284.5327,4.0928,2.8578,13.4194,9.857943,9.319575
0.1,143.0,0.827258,3.3,3.1,0.0,36.55,2497.97,0.556803,0.0,0.999991,0.784031,2.729087,25.08,1292.589,4.0245,2.8582,13.549264,9.956295,9.415041
0.02,144.0,0.839328,1.6,0.8,8.83,2700.0,2887.04,0.174535,0.003676,0.0,0.865323,0.766776,14.26,1300.7589,4.0833,2.8583,13.587215,9.985116,9.440509
0.02,145.0,0.837539,1.2,4.0,43.87,2.82,3374.0,0.547951,0.0,0.942301,0.855151,2.869433,21.12,1308.9518,4.0746,2.8587,13.722186,10.087275,9.539698
0.1,146.0,0.824793,0.4,1.3,1800.0,919.45,2154.54,0.153065,0.000837,8e-06,0.763634,0.837381,15.14,1316.9797,4.0125,2.8589,13.76275,10.118234,9.56746
0.01,147.0,0.838839,3.0,0.2,0.0,10800.0,3237.87,0.17657,0.010123,0.0,0.862604,0.718228,10.71,1325.152,4.0809,2.859,13.797884,10.144949,9.590906
0.05,148.0,0.830802,2.4,3.2,0.2,30.21,2876.88,0.562068,0.0,0.999639,0.811062,2.774368,22.99,1333.2434,4.0418,2.8594,13.926543,10.242456,9.685486
0.1,149.0,0.822443,3.7,2.4,0.0,617.14,2163.57,0.548558,4e-06,0.999898,0.742988,1.094898,23.28,1341.2507,4.0011,2.8595,13.978206,10.281872,9.721729
0.05,150.0,0.830846,2.1,0.1,0.91,21600.0,2354.46,0.164942,0.006662,0.0,0.811385,0.738318,10.25,1349.3466,4.042,2.8597,14.013706,10.308814,9.745553
0.1,151.0,0.82141,3.5,2.6,0.0,539.26,2160.14,0.546691,0.0,0.999955,0.733546,1.272986,24.08,1357.3434,3.9961,2.8598,14.073032,10.354106,9.787714
0.1,152.0,0.82082,3.3,1.3,0.0,1478.3,2140.08,0.423596,0.001527,0.693434,0.728057,0.808699,18.24,1365.333,3.9932,2.86,14.111375,10.383436,9.813858
0.1,153.0,0.820561,0.2,0.6,3600.0,2670.45,1781.27,0.151194,0.015174,0.0,0.725622,0.698709,11.97,1373.3193,3.992,2.8601,14.144688,10.408935,9.836207
0.1,154.0,0.82004,3.2,2.0,0.0,809.37,2175.23,0.543867,0.000101,0.999219,0.720695,0.938268,21.66,1381.3021,3.9894,2.8602,14.188584,10.442566,9.866664
0.1,155.0,0.819538,1.9,1.7,2.31,1018.31,2174.34,0.5408,0.000424,0.993634,0.715884,0.86976,19.9,1389.2792,3.987,2.8604,14.229337,10.473774,9.894696
0.05,156.0,0.82603,3.5,3.7,0.0,15.47,2885.52,0.55467,0.0,0.999661,0.774028,2.794437,23.24,1397.3502,4.0186,2.8607,14.35525,10.569301,9.987345
0.01,157.0,0.831259,2.0,2.8,1.4,461.98,3399.58,0.228421,0.0,0.163877,0.814353,1.646999,20.2,1405.4446,4.044,2.861,14.429896,10.626055,10.040932
0.02,158.0,0.829254,3.4,2.1,0.0,747.32,3036.97,0.2803,2.1e-05,0.300936,0.799588,1.013868,19.77,1413.5175,4.0342,2.8611,14.476436,10.661632,10.073241
0.05,159.0,0.823768,3.0,2.9,0.0,425.37,2550.01,0.55067,0.0,0.999288,0.754776,1.881627,23.37,1421.5384,4.0076,2.8614,14.560594,10.725716,10.134275
0.1,160.0,0.815525,1.8,0.5,3.49,4320.0,2004.53,0.141928,0.016943,0.0,0.675754,0.693373,12.79,1429.4789,3.9675,2.8615,14.592721,10.750355,10.155802
0.01,161.0,0.828769,0.3,2.5,2400.0,26.93,3798.35,0.159177,0.0,0.0,0.795887,1.707513,14.54,1437.5524,4.0319,2.8617,14.66881,10.808265,10.210604
0.05,162.0,0.82207,1.0,2.2,225.54,583.63,2570.13,0.532361,6e-06,0.961098,0.7396,1.076345,20.44,1445.5553,3.9993,2.8619,14.717265,10.845377,10.244524
0.05,163.0,0.820659,1.8,4.0,3.42,8.16,2890.82,0.545172,0.0,0.999657,0.726546,2.801359,22.71,1453.5762,3.9924,2.8623,14.839497,10.938296,10.33461
0.01,164.0,0.826414,2.0,1.4,1.3,1314.17,3407.66,0.155574,0.000302,3.6e-05,0.777195,0.885963,16.7,1461.6203,4.0204,2.8624,14.879432,10.968845,10.361898
0.1,165.0,0.81184,2.9,2.2,0.0,688.45,2170.86,0.527208,1.4e-05,0.999777,0.636459,1.032208,22.61,1469.5238,3.9495,2.8626,14.925253,11.004067,10.394023
0.05,166.0,0.819135,2.5,2.5,0.05,563.21,2540.84,0.541369,0.0,0.997424,0.711995,1.242731,22.0,1477.4992,3.985,2.8627,14.98,11.045941,10.432755
0.1,167.0,0.810715,2.3,2.2,0.28,686.34,2171.0,0.52473,1.4e-05,0.99978,0.62406,1.030973,22.16,1485.3919,3.9441,2.8629,15.025509,11.080897,10.464622
0.01,168.0,0.824052,1.5,2.5,11.13,554.67,3401.62,0.177257,0.0,0.064516,0.757253,1.290223,19.54,1493.4151,4.0089,2.8631,15.081986,11.124044,10.504588
0.1,169.0,0.808862,1.4,3.4,16.01,15.44,2510.97,0.520653,0.0,0.999991,0.603282,2.814856,24.3,1501.3088,3.935,2.8634,15.201866,11.215366,10.5932
0.02,170.0,0.820536,0.5,3.9,1440.0,0.0,3441.9,0.145081,0.0,7e-06,0.725388,1.632688,16.18,1509.3289,3.9918,2.8637,15.271983,11.268811,10.643581
0.1,171.0,0.808031,2.4,0.4,0.13,5400.0,1996.68,0.126345,0.018945,0.0,0.593836,0.687957,12.06,1517.197,3.931,2.8638,15.302451,11.292298,10.66402
0.05,172.0,0.815162,4.0,1.8,0.0,917.25,2568.38,0.492472,0.000109,0.895079,0.671985,0.934691,19.98,1525.1324,3.9657,2.8639,15.343138,11.323614,10.692174
0.02,173.0,0.818266,4.0,3.6,0.0,16.24,3369.07,0.524212,0.0,0.958784,0.703493,2.807125,21.53,1533.1235,3.9808,2.8643,15.460903,11.413317,10.779059
0.05,174.0,0.812486,1.9,3.9,1.94,9.59,2891.72,0.528561,0.0,0.999654,0.6435,2.785511,22.68,1541.0606,3.9527,2.8646,15.576882,11.501711,10.864683
0.01,175.0,0.818517,3.2,0.5,0.0,4320.0,3236.54,0.143115,0.004808,0.0,0.705959,0.753932,12.49,1549.0296,3.982,2.8648,15.609664,11.52686,10.886657
0.1,176.0,0.803478,3.0,2.8,0.0,439.79,2169.87,0.508199,0.0,0.999982,0.541033,1.776129,24.87,1556.8526,3.9088,2.865,15.683587,11.583539,10.940448
0.05,177.0,0.81092,1.0,1.9,196.14,733.89,2578.88,0.473736,4.7e-05,0.871123,0.626338,0.974249,19.72,1564.7463,3.9451,2.8651,15.724982,11.615361,10.969146
0.1,178.0,0.802094,0.8,3.0,534.37,12.54,2524.81,0.504203,0.0,0.998136,0.524745,1.878011,20.72,1572.5627,3.9021,2.8654,15.802526,11.674737,11.025678
0.02,179.0,0.814179,2.5,1.7,0.02,983.19,3056.81,0.145289,0.000107,0.032287,0.661653,0.935157,18.35,1580.4879,3.9609,2.8655,15.842111,11.705163,11.052938
0.05,180.0,0.808289,2.0,3.6,1.12,14.94,2890.01,0.519214,0.0,0.999644,0.596785,2.785809,22.67,1588.3801,3.9323,2.8659,15.955393,11.791673,11.136713
0.05,181.0,0.807728,3.7,2.5,0.0,545.41,2545.0,0.517176,0.0,0.997753,0.590375,1.305647,22.34,1596.244,3.9295,2.8661,16.009262,11.833041,11.175036
0.05,182.0,0.807406,2.4,1.3,0.1,1416.56,2551.73,0.143127,0.000549,0.063926,0.586686,0.857434,17.49,1604.1026,3.928,2.8662,16.0452,11.860782,11.19967
0.1,183.0,0.798815,3.5,2.2,0.0,667.79,2170.25,0.497128,6e-06,0.99982,0.485988,1.069059,22.58,1611.8789,3.8862,2.8663,16.089299,11.894845,11.230746
0.02,184.0,0.810879,1.4,2.2,14.57,657.63,3044.55,0.308459,3e-06,0.458205,0.62588,1.10716,19.8,1619.7727,3.9449,2.8665,16.134975,11.929972,11.262757
0.1,185.0,0.797257,2.1,4.0,0.65,8.23,2515.82,0.493519,0.0,0.999992,0.467612,2.754031,24.27,1627.5647,3.8786,2.8668,16.244949,12.014093,11.344256
0.02,186.0,0.808378,2.0,3.5,1.05,16.69,3374.31,0.501976,0.0,0.956041,0.597795,2.788444,21.13,1635.4542,3.9327,2.8672,16.355752,12.098694,11.426111
0.1,187.0,0.795339,3.1,2.4,0.0,578.55,2161.21,0.488995,0.0,0.999932,0.445108,1.212942,23.45,1643.1977,3.8693,2.8673,16.404646,12.136412,11.460894
0.1,188.0,0.795887,1.3,0.2,20.57,10800.0,1894.31,0.099638,0.023333,0.0,0.451522,0.677822,10.73,1650.9494,3.8719,2.8674,16.432769,12.158092,11.479674
0.02,189.0,0.807193,1.4,1.8,14.11,881.98,3062.48,0.144893,4.1e-05,0.070068,0.584245,0.981005,18.57,1658.8065,3.9269,2.8676,16.472596,12.188898,11.507373
0.01,190.0,0.808009,0.6,3.6,1012.15,0.0,3818.18,0.118723,0.0,1.2e-05,0.593588,1.756692,16.68,1666.7031,3.9309,2.8678,16.542242,12.242326,11.557857
0.01,191.0,0.80703,3.5,2.8,0.0,422.38,3423.6,0.191874,0.0,0.188503,0.582367,1.979536,20.7,1674.5602,3.9261,2.8681,16.620136,12.302066,11.614687
0.1,192.0,0.792356,2.4,2.5,0.08,533.59,2161.23,0.4821,0.0,0.999957,0.410587,1.335205,23.28,1682.2741,3.8547,2.8682,16.672933,12.342818,11.652553
0.05,193.0,0.800018,3.9,1.4,0.0,1261.92,2569.09,0.185176,0.000371,0.212463,0.500212,0.876143,18.34,1690.0607,3.892,2.8684,16.708234,12.370121,11.676806
0.01,194.0,0.804986,1.0,3.1,146.37,12.89,3769.24,0.148685,0.0,0.09237,0.558685,2.510072,19.57,1697.9127,3.9162,2.8687,16.805496,12.444621,11.748531
0.05,195.0,0.798637,2.0,0.8,0.96,2595.9,2410.44,0.097665,0.002216,2e-06,0.483888,0.790939,14.81,1705.6854,3.8853,2.8688,16.83729,12.469273,11.77015
0.02,196.0,0.801877,2.1,3.1,0.58,28.23,3373.06,0.485127,0.0,0.951726,0.522185,2.766977,21.11,1713.4999,3.9011,2.8691,16.943451,12.550619,11.848802
0.05,197.0,0.796776,3.7,2.5,0.0,527.79,2551.26,0.491587,0.0,0.997994,0.461945,1.374395,22.52,1721.2566,3.8762,2.8693,16.99685,12.591808,11.887046
0.05,198.0,0.795601,2.7,4.0,0.0,7.91,2900.01,0.489488,0.0,0.999637,0.448165,2.749828,23.1,1729.0387,3.8705,2.8696,17.101375,12.671942,11.964544
0.1,199.0,0.78698,2.9,2.5,0.0,525.0,2161.74,0.470128,0.0,0.99996,0.350722,1.36437,23.94,1736.7002,3.8286,2.8698,17.153838,12.712469,12.002233
0.02,200.0,0.798702,3.9,2.8,0.0,410.49,3049.32,0.463723,0.0,0.916977,0.484661,2.075655,21.71,1744.4766,3.8856,2.8701,17.232617,12.772955,12.059897
0.05,201.0,0.793805,3.4,1.4,0.0,1245.4,2574.88,0.177967,0.00029,0.230993,0.427268,0.887921,18.31,1752.203,3.8618,2.8702,17.267214,12.799829,12.083769
0.02,202.0,0.798261,1.1,0.5,45.58,4320.0,2717.26,0.097684,0.004485,0.0,0.479448,0.757258,12.66,1759.9726,3.8835,2.8703,17.296995,12.822947,12.10386
0.1,203.0,0.784786,2.9,2.0,0.0,747.72,2176.39,0.465331,1.8e-05,0.999573,0.327473,1.020426,22.03,1767.612,3.8179,2.8704,17.336183,12.853475,12.131506
0.02,204.0,0.797074,4.0,2.3,0.0,603.15,3047.27,0.341676,0.0,0.621464,0.465453,1.213437,20.62,1775.3718,3.8777,2.8706,17.382586,12.889328,12.164369
0.1,205.0,0.783393,2.9,3.3,0.0,20.93,2509.52,0.462624,0.0,0.999992,0.313134,2.731058,24.86,1783.0131,3.8111,2.8709,17.484059,12.967316,12.239851
0.05,206.0,0.790244,3.7,4.0,0.0,7.54,2903.46,0.477179,0.0,0.999626,0.386643,2.731765,23.08,1790.7442,3.8445,2.8712,17.58514,13.044887,12.314828
0.01,207.0,0.795244,1.7,3.1,3.72,25.34,3764.96,0.201131,0.0,0.280832,0.443993,2.771897,20.14,1798.4942,3.8688,2.8716,17.687151,13.123178,12.390476
0.05,208.0,0.788649,2.9,2.2,0.0,639.63,2565.82,0.470956,1e-06,0.992935,0.368909,1.141081,21.66,1806.1721,3.8367,2.8717,17.729975,13.15641,12.420783
0.1,209.0,0.780575,3.1,0.4,0.0,5400.0,1897.25,0.06267,0.014075,0.0,0.285199,0.702341,12.15,1813.7714,3.7974,2.8718,17.756905,13.177444,12.438959
0.05,210.0,0.787236,3.6,3.5,0.0,15.34,2900.72,0.470541,0.0,0.999606,0.353493,2.742902,23.08,1821.4611,3.8298,2.8722,17.8568,13.254276,12.513224
0.05,211.0,0.786118,1.2,4.0,26.46,1.52,2913.4,0.468097,0.0,0.999493,0.3415,2.785669,22.5,1829.1552,3.8244,2.8725,17.957702,13.331844,12.588242
0.05,212.0,0.785046,3.6,3.0,0.0,30.43,2893.68,0.465867,0.0,0.999573,0.33019,2.703799,23.07,1836.8025,3.8192,2.8728,18.055155,13.406803,12.660641
0.1,213.0,0.775938,1.8,3.3,2.16,18.52,2510.81,0.44853,0.0,0.999992,0.242666,2.71488,24.2,1844.3747,3.7749,2.8731,18.152379,13.48166,12.733047
0.02,214.0,0.788135,2.7,2.2,0.0,632.32,3061.84,0.278489,1e-06,0.514588,0.363266,1.169937,20.22,1852.0478,3.8342,2.8733,18.195248,13.514872,12.763326
0.1,215.0,0.774746,1.9,2.0,1.27,727.88,2177.47,0.446352,1.3e-05,0.999642,0.232452,1.037115,21.78,1859.5895,3.7691,2.8734,18.233148,13.544478,12.790128
0.01,216.0,0.788867,3.9,2.0,0.0,728.33,3462.96,0.077184,5e-06,0.007298,0.371315,1.085456,18.93,1867.2689,3.8378,2.8736,18.272887,13.575318,12.818015
0.05,217.0,0.781562,2.0,3.2,0.75,21.92,2899.92,0.458794,0.0,0.99958,0.294809,2.730094,22.58,1874.8931,3.8022,2.8739,18.369555,13.649828,12.890001
0.05,218.0,0.780502,1.7,4.0,3.35,5.42,2910.0,0.456738,0.0,0.999595,0.284498,2.727815,22.55,1882.5308,3.7971,2.8742,18.46569,13.723881,12.961536
0.1,219.0,0.771385,2.7,3.5,0.0,14.44,2513.31,0.441057,0.0,0.999992,0.2053,2.698766,24.81,1890.0667,3.7527,2.8745,18.560232,13.796789,13.032027
0.1,220.0,0.771012,0.1,4.0,7200.0,0.0,2606.68,0.040487,0.0,0.0,0.202437,1.577631,12.44,1897.6091,3.7509,2.8747,18.616,13.839955,13.07256
0.05,221.0,0.779563,1.8,0.1,1.98,21600.0,2194.52,0.056342,0.003081,0.0,0.275548,0.775206,10.22,1905.2026,3.7925,2.8748,18.644316,13.861853,13.091738
0.01,222.0,0.784236,3.8,2.3,0.0,579.56,3447.75,0.078956,0.0,0.036503,0.321776,1.306069,19.57,1912.8377,3.8152,2.875,18.690617,13.897923,13.124932
0.02,223.0,0.782623,0.8,0.4,412.48,4962.62,2411.46,0.06313,0.00515,0.0,0.305353,0.750652,12.33,1920.4539,3.8074,2.8751,18.717966,13.919311,13.14341
0.02,224.0,0.781654,0.7,3.7,639.5,0.0,3450.34,0.067094,0.0,0.019873,0.295724,1.871413,18.31,1928.099,3.8027,2.8753,18.78329,13.969928,13.191304
0.1,225.0,0.767841,2.9,3.3,0.0,18.63,2511.65,0.435856,0.0,0.999992,0.179295,2.695575,24.8,1935.5962,3.7355,2.8756,18.876122,14.041651,13.260641
0.1,226.0,0.766818,3.5,3.0,0.0,28.85,2505.95,0.434454,0.0,0.999991,0.172285,2.663703,24.8,1943.0716,3.7305,2.8759,18.967491,14.112185,13.328788
0.1,227.0,0.766038,0.9,2.5,228.83,385.08,2207.55,0.433356,0.0,0.999847,0.167086,1.611768,22.88,1950.5285,3.7267,2.8761,19.023205,14.155428,13.369414
0.05,228.0,0.773314,2.8,2.9,0.0,32.47,2898.7,0.443934,0.0,0.999542,0.220588,2.664064,23.04,1958.0623,3.7621,2.8764,19.113976,14.225503,13.437016
0.1,229.0,0.764186,2.7,3.9,0.0,7.51,2517.9,0.431046,0.0,0.999992,0.155248,2.675977,24.77,1965.5415,3.7177,2.8767,19.204593,14.295561,13.50471
0.02,230.0,0.776609,1.1,1.9,35.3,746.34,3096.95,0.107143,9e-06,0.143575,0.248548,1.051568,19.17,1973.1016,3.7781,2.8768,19.24124,14.324116,13.530401
0.05,231.0,0.7709,3.0,3.2,0.0,20.66,2905.92,0.440141,0.0,0.999563,0.201581,2.702661,23.03,1980.6257,3.7504,2.8771,19.332202,14.39448,13.59832
0.01,232.0,0.776139,2.9,3.8,0.0,8.61,3797.79,0.151503,0.0,0.25655,0.244413,2.726763,20.24,1988.2195,3.7758,2.8775,19.423657,14.46512,13.666461
0.02,233.0,0.774078,2.0,2.3,0.61,563.86,3072.66,0.306255,0.0,0.652205,0.226863,1.317708,20.27,1995.7551,3.7658,2.8776,19.468552,14.500123,13.698669
0.1,234.0,0.760532,3.0,2.2,0.0,607.68,2168.34,0.426743,1e-06,0.999903,0.133908,1.190489,23.01,2003.1595,3.6999,2.8778,19.509011,14.531841,13.727719
0.1,235.0,0.759974,1.9,1.7,1.02,895.04,2186.2,0.425378,7.6e-05,0.997928,0.130879,0.951417,20.5,2010.5567,3.6972,2.8779,19.541645,14.55747,13.750638
0.1,236.0,0.7597,1.3,2.4,15.21,513.27,2165.4,0.425865,0.0,0.999957,0.129411,1.41628,23.37,2017.9523,3.6959,2.878,19.58935,14.594693,13.785248
0.05,237.0,0.767606,3.1,1.9,0.0,758.32,2593.96,0.42355,1.3e-05,0.97003,0.177666,1.035145,20.61,2025.4244,3.7343,2.8782,19.624681,14.622339,13.81011
0.1,238.0,0.758546,2.3,1.2,0.06,1448.82,2165.03,0.306022,0.000518,0.702845,0.123385,0.860262,17.97,2032.8074,3.6903,2.8783,19.654136,14.645582,13.83064
0.05,239.0,0.766345,1.7,2.9,2.79,29.83,2903.47,0.433631,0.0,0.999519,0.169117,2.662007,22.53,2040.2778,3.7282,2.8786,19.741945,14.71355,13.896196
0.02,240.0,0.770085,3.3,2.7,0.0,44.11,3396.66,0.411235,0.0,0.930362,0.195451,2.60796,21.38,2047.7718,3.7464,2.8789,19.827683,14.779917,13.960091
0.05,241.0,0.764433,3.2,3.0,0.0,26.53,2906.36,0.431172,0.0,0.999534,0.15679,2.670147,23.01,2055.2253,3.7189,2.8792,19.914961,14.847553,14.025329
0.1,242.0,0.757588,1.9,0.1,0.95,21600.0,1767.28,0.025324,0.004027,0.0,0.118565,0.762411,10.21,2062.604,3.6856,2.8793,19.940999,14.86781,14.043054
0.02,243.0,0.767867,3.4,3.9,0.0,6.89,3419.04,0.411649,0.0,0.939384,0.179476,2.709759,21.37,2070.1199,3.7356,2.8796,20.029024,14.936129,14.108943
0.1,244.0,0.755013,0.7,0.3,580.1,6792.47,1005.61,0.027323,0.0151,0.0,0.106415,0.698946,11.83,2077.4673,3.6731,2.8797,20.05282,14.954909,14.125066
0.02,245.0,0.766647,3.3,2.9,0.0,30.6,3408.15,0.406893,0.0,0.931666,0.171135,2.677019,21.38,2084.9387,3.7297,2.88,20.139376,15.022043,14.189772
0.02,246.0,0.766063,0.6,3.7,854.79,0.0,3487.63,0.034098,0.0,0.001619,0.167252,1.750255,17.45,2092.4291,3.7268,2.8802,20.196361,15.066405,14.231509
0.1,247.0,0.752135,3.8,3.2,0.0,19.08,2513.05,0.418826,0.0,0.999992,0.094147,2.652001,24.74,2099.7743,3.6591,2.8804,20.281364,15.132454,14.295287
0.02,248.0,0.764148,2.2,2.9,0.14,29.84,3411.07,0.403077,0.0,0.930183,0.155016,2.655262,21.01,2107.2222,3.7175,2.8807,20.36635,15.198303,14.358722
0.02,249.0,0.763209,3.0,3.5,0.0,12.25,3420.83,0.403932,0.0,0.935187,0.149287,2.683395,21.19,2114.6848,3.7129,2.881,20.451801,15.264613,14.422631
0.1,250.0,0.749308,2.3,3.4,0.03,14.01,2515.67,0.416666,0.0,0.999992,0.083348,2.640997,24.1,2122.0101,3.6453,2.8813,20.53541,15.329626,14.485389
0.1,251.0,0.748611,2.0,2.3,0.49,542.11,2169.04,0.416152,0.0,0.999949,0.080863,1.326832,23.24,2129.2974,3.6419,2.8815,20.578068,15.363054,14.516266
0.02,252.0,0.760904,2.4,2.8,0.0,34.0,3412.17,0.397906,0.0,0.926784,0.135964,2.629674,21.37,2136.7104,3.7017,2.8818,20.661027,15.427426,14.578242
0.1,253.0,0.74791,1.3,0.3,13.62,7200.0,1694.51,0.021661,0.014938,0.0,0.07843,0.699465,11.45,2143.9907,3.6385,2.8819,20.68411,15.445708,14.593916
0.05,254.0,0.755523,2.6,0.9,0.0,2058.76,2534.76,0.022104,0.000762,0.000132,0.108733,0.841875,15.87,2151.3438,3.6756,2.882,20.711584,15.467474,14.612958
0.1,255.0,0.74662,1.8,2.2,1.4,583.04,2170.72,0.414795,0.0,0.999921,0.074132,1.241746,22.78,2158.6117,3.6322,2.8821,20.751193,15.498685,14.641616
0.05,256.0,0.754638,3.5,2.3,0.0,538.54,2579.46,0.419765,0.0,0.997041,0.104743,1.360436,22.48,2165.9575,3.6712,2.8823,20.794532,15.532623,14.672933
0.1,1.0,0.978415,1.6,0.4,243.16,5400.0,2119.68,0.599936,0.999949,0.0,0.999784,0.0291,13.39,43.4874,4.7599,2.8204,0.0291,0.004451,0.0
0.05,2.0,0.984634,2.3,2.1,2.16,1003.5,2620.84,0.87019,0.99965,0.675906,0.999839,0.121082,19.53,53.0738,4.7902,2.8206,0.105975,0.049004,0.039972
0.1,3.0,0.975543,3.0,2.0,0.08,1073.65,2235.2,0.991395,0.998245,0.980366,0.999752,0.197924,19.96,62.5733,4.7459,2.8209,0.212816,0.12505,0.111551
0.05,4.0,0.979378,2.8,3.6,0.26,425.63,2625.83,0.600355,0.002517,0.998473,0.999793,0.784868,23.78,72.1215,4.7646,2.8218,0.565854,0.380208,0.36218
0.02,5.0,0.983073,2.4,0.4,1.33,5400.0,3182.04,0.598873,0.99727,0.0,0.999827,0.21901,11.98,81.705,4.7826,2.822,0.655135,0.443619,0.421022
0.05,6.0,0.976816,3.4,3.1,0.0,562.25,2609.52,0.965034,0.917758,0.994945,0.999767,0.38513,22.84,91.2202,4.7521,2.8223,0.800113,0.547633,0.520524
0.05,7.0,0.974803,2.3,3.3,1.98,500.82,2609.99,0.760421,0.40399,0.997191,0.999744,0.518517,22.96,100.7162,4.7423,2.8228,0.97914,0.676572,0.644973
0.1,8.0,0.964089,0.4,3.8,1800.0,8.0,2619.57,0.20033,0.000345,0.000692,0.999574,0.879585,16.97,110.1361,4.6902,2.8235,1.250798,0.873168,0.837222
0.05,9.0,0.96988,1.2,3.2,355.33,369.52,2648.81,0.608849,0.059133,0.963152,0.999676,0.631762,21.46,119.5831,4.7184,2.8239,1.429753,1.002305,0.961919
0.02,10.0,0.973105,1.9,2.4,8.98,808.13,3069.08,0.626971,0.93308,0.134486,0.999722,0.374524,19.45,129.059,4.7341,2.8242,1.531937,1.075541,1.03066
0.05,11.0,0.966475,3.9,3.4,0.0,464.86,2606.21,0.600116,0.002334,0.998147,0.99962,0.788478,23.88,138.4754,4.7018,2.8247,1.731727,1.220063,1.170781
0.02,12.0,0.96995,0.5,1.6,1440.0,954.02,3037.25,0.571614,0.929197,0.0,0.999677,0.377409,15.15,147.9188,4.7187,2.8249,1.824691,1.286688,1.232949
0.1,13.0,0.955924,4.0,3.3,0.0,488.92,2228.16,0.605344,0.013728,0.999946,0.999374,0.703548,25.03,157.2312,4.6505,2.8253,1.987729,1.404613,1.346578
0.05,14.0,0.962715,1.3,2.2,210.22,785.06,2612.84,0.831854,0.865059,0.714802,0.999546,0.411526,19.6,166.6053,4.6835,2.8256,2.080932,1.471578,1.409162
0.05,15.0,0.96132,2.4,3.0,1.12,574.08,2598.78,0.705835,0.269996,0.994833,0.999515,0.547364,22.21,175.968,4.6767,2.8259,2.199913,1.557425,1.490639
0.02,16.0,0.961961,1.4,3.6,108.34,38.86,3392.41,0.532927,0.0,0.832553,0.999529,1.657303,21.39,185.3494,4.6799,2.8267,2.530467,1.797956,1.726872
0.02,17.0,0.960967,1.6,2.5,24.38,736.56,3060.57,0.505593,0.535432,0.228797,0.999507,0.49324,19.62,194.7071,4.675,2.827,2.625832,1.866655,1.791186
0.05,18.0,0.955503,3.0,2.8,0.02,633.16,2598.21,0.708718,0.281252,0.990862,0.999361,0.544679,21.71,204.0119,4.6484,2.8272,2.728103,1.94051,1.860718
0.1,19.0,0.944131,3.0,3.7,0.02,40.29,2563.13,0.599774,0.0,0.999983,0.998907,1.904347,24.9,213.2265,4.5931,2.8281,3.058148,2.181213,2.097324
0.1,20.0,0.942022,0.9,3.7,746.07,8.16,2566.63,0.590933,3e-06,0.977933,0.998792,1.105306,20.16,222.4199,4.5829,2.8285,3.239775,2.313367,2.225337
0.1,21.0,0.941003,2.1,1.6,3.51,1350.0,2195.9,0.80795,0.702068,0.818441,0.998733,0.459183,18.6,231.5815,4.5779,2.8287,3.315039,2.367681,2.275495
0.1,22.0,0.939952,0.8,2.5,900.0,423.93,2264.06,0.514993,0.034132,0.754017,0.998668,0.659181,19.1,240.7349,4.5728,2.829,3.419569,2.443505,2.347174
0.05,23.0,0.946974,1.6,2.0,22.26,996.66,2591.29,0.670967,0.467374,0.71052,0.999044,0.506223,19.42,249.9546,4.6069,2.8292,3.499165,2.501048,2.400473
0.02,24.0,0.949897,2.6,3.1,0.4,527.86,3044.34,0.513308,0.002258,0.781429,0.999167,0.790051,21.42,259.2058,4.6212,2.8296,3.619025,2.588126,2.483277
0.1,25.0,0.936544,3.9,3.1,0.0,525.32,2210.76,0.600715,0.002636,0.999935,0.998435,0.782661,24.86,268.3267,4.5562,2.8299,3.734832,2.672359,2.563379
0.05,26.0,0.941109,2.2,3.6,2.19,62.71,2905.65,0.599476,0.0,0.999321,0.998739,2.076876,23.32,277.5086,4.5784,2.8306,4.0246,2.884263,2.771221
0.01,27.0,0.946254,3.9,0.8,0.0,2700.0,3487.94,0.396443,0.491602,0.0,0.999011,0.5016,13.89,286.7265,4.6034,2.8308,4.094791,2.934998,2.817718
0.1,28.0,0.929499,3.9,4.0,0.0,19.91,2567.31,0.599558,0.0,0.999985,0.997818,2.180936,25.41,295.7868,4.5219,2.8315,4.378713,3.142896,3.021671
0.1,29.0,0.928423,2.1,2.5,3.11,722.72,2203.01,0.629082,0.074301,0.999553,0.997704,0.620115,22.22,304.8269,4.5167,2.8317,4.45909,3.201341,3.076051
0.1,30.0,0.925595,3.3,3.9,0.0,21.63,2563.02,0.59947,0.0,0.999986,0.997377,2.231216,25.39,313.8463,4.5029,2.8325,4.73133,3.400938,3.271739
0.1,31.0,0.92514,3.9,0.6,0.0,3600.0,2286.09,0.414433,0.537423,0.0,0.99732,0.492859,13.42,322.8596,4.5007,2.8326,4.792232,3.445103,3.311914
0.05,32.0,0.930902,1.6,3.3,19.49,441.15,2584.98,0.599017,0.0,0.998563,0.997958,1.323623,23.21,331.9282,4.5288,2.833,4.947763,3.558953,3.4217
0.05,33.0,0.930104,2.4,2.0,0.79,985.14,2579.01,0.557152,0.099718,0.794222,0.997879,0.604779,19.64,340.9839,4.5249,2.8332,5.019261,3.611005,3.469653
0.05,34.0,0.929332,4.0,1.7,0.0,1230.95,2561.03,0.369452,0.139733,0.284996,0.997801,0.586548,18.77,350.0309,4.5211,2.8334,5.087943,3.661013,3.515573
0.1,35.0,0.920521,0.9,1.9,687.4,719.01,2201.75,0.517075,0.079654,0.714699,0.996667,0.616526,18.73,358.9926,4.4783,2.8336,5.159108,3.712917,3.563498
0.05,36.0,0.927722,2.3,2.2,1.19,857.74,2581.2,0.592271,0.051089,0.930776,0.997627,0.639131,20.04,368.0253,4.5133,2.8338,5.232059,3.766132,3.612635
0.02,37.0,0.93193,1.7,0.1,13.06,21600.0,2982.77,0.314303,0.286729,0.0,0.998054,0.543396,10.34,377.1101,4.5338,2.834,5.293968,3.811163,3.6536
0.1,38.0,0.916529,3.7,4.0,0.0,18.91,2557.77,0.59919,0.0,0.999987,0.995977,2.34842,25.33,386.053,4.4588,2.8347,5.544766,3.995464,3.834096
0.01,39.0,0.929475,3.9,0.8,0.0,2700.0,3457.4,0.262132,0.156423,0.0,0.997815,0.580242,13.92,395.1065,4.5218,2.8348,5.60772,4.041308,3.875853
0.05,40.0,0.920855,3.9,3.9,0.0,20.47,2929.16,0.599124,0.0,0.999449,0.996719,2.397315,23.74,404.088,4.4799,2.8355,5.852147,4.221095,4.051787
0.05,41.0,0.920078,3.8,2.1,0.0,905.04,2574.5,0.571526,0.029856,0.900659,0.996597,0.665765,20.26,413.0455,4.4761,2.8357,5.92073,4.271244,4.097923
0.05,42.0,0.919338,3.8,1.8,0.0,1119.93,2563.2,0.435673,0.048854,0.54209,0.996476,0.641373,19.2,421.9957,4.4725,2.8359,5.986289,4.319211,4.141889
0.02,43.0,0.922949,1.1,1.9,353.88,828.88,3043.57,0.210562,0.02274,0.005152,0.997028,0.679077,17.9,430.9812,4.4901,2.8361,6.054953,4.369464,4.188099
0.05,44.0,0.918458,2.0,0.2,3.93,10800.0,2567.89,0.322036,0.306926,0.0,0.996327,0.538787,10.82,439.9334,4.4682,2.8362,6.10955,4.409337,4.224041
0.1,45.0,0.909178,3.7,2.8,0.0,587.4,2189.11,0.599118,0.000736,0.999902,0.994314,0.843514,23.81,448.7864,4.4231,2.8364,6.192517,4.470245,4.281058
0.1,46.0,0.907461,1.1,3.4,347.86,20.66,2531.01,0.598634,0.0,0.999666,0.993836,1.660273,22.3,457.6287,4.4147,2.8369,6.350352,4.58651,4.393534
0.02,47.0,0.918187,0.8,3.0,853.76,27.92,3374.38,0.200789,0.0,0.003832,0.99628,1.420669,17.92,466.5697,4.4669,2.8372,6.483386,4.684399,4.487495
0.1,48.0,0.9044,4.0,3.3,0.0,425.72,2200.82,0.598568,0.0,0.999978,0.992883,1.604941,25.7,475.3789,4.3998,2.8376,6.6304,4.792787,4.592103
0.01,49.0,0.917264,2.4,2.2,0.64,833.71,3398.32,0.203369,0.005529,0.004836,0.996114,0.747249,18.52,484.3095,4.4624,2.8378,6.699594,4.843581,4.638899
0.05,50.0,0.910682,2.0,2.0,3.67,949.59,2567.02,0.54817,0.015266,0.857808,0.994703,0.698416,19.69,493.1754,4.4304,2.838,6.763849,4.890798,4.682188
0.02,51.0,0.914109,4.0,2.8,0.0,578.23,3028.69,0.486039,0.000121,0.717232,0.995492,0.92958,21.05,502.0768,4.4471,2.8383,6.847683,4.952511,4.73994
0.1,52.0,0.901029,1.4,2.5,36.8,666.9,2184.25,0.59908,0.002167,0.999703,0.991663,0.792013,22.41,510.8498,4.3834,2.8385,6.918726,5.004855,4.788462
0.05,53.0,0.908251,3.0,1.9,0.0,1019.51,2562.66,0.510908,0.015594,0.764645,0.994061,0.697388,19.76,519.6915,4.4186,2.8386,6.98121,5.050821,4.830523
0.1,54.0,0.899546,3.3,2.2,0.0,828.43,2181.39,0.601353,0.008857,0.998995,0.991062,0.724647,21.82,528.4492,4.3762,2.8388,7.045435,5.098156,4.874049
0.1,55.0,0.89925,2.1,0.9,2.3,2400.0,2204.3,0.235766,0.093829,0.000116,0.990938,0.607988,15.25,537.2059,4.3748,2.839,7.099408,5.137867,4.909971
0.1,56.0,0.896812,3.0,3.6,0.0,26.76,2538.38,0.597964,0.0,0.999988,0.989841,2.532662,25.22,545.9442,4.3629,2.8396,7.31193,5.295047,5.063565
0.1,57.0,0.895307,0.8,3.7,816.42,3.72,2536.84,0.585273,0.0,0.968633,0.9891,1.497457,19.65,554.6785,4.3556,2.8399,7.436218,5.386904,5.151736
0.05,58.0,0.9025,3.7,2.1,0.0,876.95,2563.37,0.573006,0.005754,0.930652,0.992219,0.745341,20.45,563.465,4.3906,2.8401,7.498874,5.433107,5.194082
0.1,59.0,0.893721,1.4,2.8,33.9,550.08,2180.49,0.597635,4.4e-05,0.999914,0.988261,0.977516,23.6,572.167,4.3479,2.8403,7.579392,5.492663,5.249888
0.1,60.0,0.892725,2.3,3.0,0.88,499.82,2182.9,0.597525,1e-06,0.999961,0.987701,1.142204,24.17,580.8592,4.343,2.8406,7.672111,5.561277,5.314777
0.1,61.0,0.891092,3.1,3.3,0.0,407.72,2195.89,0.597338,0.0,0.999983,0.986727,1.905145,25.58,589.5383,4.3351,2.841,7.822853,5.672937,5.42282
0.05,62.0,0.898023,1.9,2.8,4.9,559.52,2558.18,0.596852,2.7e-05,0.996902,0.990401,1.001519,22.29,598.2828,4.3688,2.8412,7.902455,5.731814,5.477889
0.1,63.0,0.88932,3.5,2.5,0.0,671.95,2174.31,0.597312,0.000683,0.999804,0.985583,0.847033,22.92,606.9417,4.3265,2.8414,7.96955,5.781514,5.523866
0.1,64.0,0.888497,1.6,2.8,14.67,552.4,2175.65,0.596986,2.5e-05,0.99993,0.98502,1.005154,23.62,615.5933,4.3225,2.8416,8.048061,5.839701,5.578348
0.1,65.0,0.887702,2.4,2.2,0.53,809.76,2172.25,0.597827,0.003106,0.999235,0.984454,0.774822,21.54,624.2357,4.3186,2.8418,8.108739,5.884656,5.61959
0.1,66.0,0.887023,2.1,2.2,2.02,807.3,2171.92,0.597655,0.002916,0.999245,0.983955,0.777846,21.56,632.8715,4.3153,2.842,8.169251,5.929509,5.660736
0.02,67.0,0.899469,0.5,0.2,1440.0,10800.0,1788.44,0.235206,0.092499,0.0,0.99103,0.608738,10.78,641.6281,4.3758,2.8421,8.21706,5.96479,5.692232
0.05,68.0,0.89377,2.4,2.4,0.52,708.96,2558.26,0.592702,0.000703,0.986909,0.988288,0.845696,21.06,650.3296,4.3481,2.8423,8.281989,6.012867,5.73653
0.1,69.0,0.885253,0.8,2.2,781.57,498.28,2219.2,0.549378,0.000366,0.881789,0.982579,0.876724,19.23,658.9481,4.3067,2.8425,8.348617,6.062309,5.782299
0.05,70.0,0.891955,1.4,3.0,30.75,473.94,2562.25,0.596739,0.0,0.998222,0.987251,1.293344,22.71,667.6336,4.3393,2.8428,8.444946,6.13379,5.850062
0.1,71.0,0.882016,1.7,3.4,9.84,26.81,2526.16,0.595946,0.0,0.999988,0.979755,2.640435,24.48,676.2231,4.2909,2.8433,8.63577,6.275584,5.98843
0.1,72.0,0.881143,2.8,2.6,0.01,620.55,2168.88,0.595789,0.000124,0.999889,0.978918,0.928372,22.97,684.8021,4.2867,2.8435,8.70366,6.326013,6.035209
0.05,73.0,0.888346,1.8,2.5,6.63,654.57,2553.57,0.593957,0.000186,0.99225,0.984914,0.908999,21.42,693.4516,4.3217,2.8437,8.769814,6.375149,6.080613
0.05,74.0,0.8877,3.9,2.0,0.0,914.18,2553.34,0.562194,0.002341,0.910916,0.984453,0.788318,20.24,702.0937,4.3186,2.8439,8.827175,6.41777,6.119502
0.1,75.0,0.879244,1.9,1.9,4.41,977.16,2171.66,0.59541,0.004237,0.995797,0.976983,0.759985,20.42,710.6531,4.2774,2.844,8.882173,6.458698,6.156784
0.02,76.0,0.89088,1.9,1.7,4.39,1139.17,3014.05,0.202736,0.003351,0.010191,0.986595,0.771194,17.83,719.3252,4.334,2.8442,8.9378,6.500006,6.194325
0.1,77.0,0.877771,2.9,2.5,0.0,655.42,2166.91,0.595092,0.000203,0.999846,0.975363,0.904836,23.08,727.8716,4.2703,2.8444,9.002061,6.547871,6.238568
0.1,78.0,0.87719,1.1,2.2,260.85,657.44,2183.79,0.59425,0.000803,0.997476,0.974694,0.839372,20.85,736.4112,4.2674,2.8446,9.061515,6.592144,6.279219
0.05,79.0,0.883051,1.3,3.3,47.7,24.19,2901.15,0.595862,0.0,0.999304,0.980703,2.681541,22.92,745.0212,4.296,2.8451,9.243799,6.727823,6.411461
0.1,80.0,0.874391,1.8,2.5,6.28,645.65,2165.16,0.594243,0.000145,0.999854,0.971215,0.920736,22.66,753.534,4.2538,2.8453,9.307254,6.775121,6.455162
0.05,81.0,0.881325,2.1,3.0,1.74,475.63,2553.02,0.595325,0.0,0.998766,0.979095,1.364357,22.75,762.1167,4.2876,2.8455,9.399474,6.843825,6.520247
0.05,82.0,0.879354,3.0,3.9,0.0,16.8,2903.78,0.595255,0.0,0.999588,0.9771,2.699582,23.52,770.7023,4.278,2.846,9.577082,6.976182,6.649198
0.05,83.0,0.8787,2.1,2.3,1.68,731.41,2548.88,0.589382,0.000321,0.984936,0.976397,0.883028,20.96,779.2566,4.2748,2.8462,9.636258,7.020303,6.689662
0.1,84.0,0.870146,3.6,2.5,0.0,643.91,2165.99,0.592989,9.1e-05,0.999864,0.965037,0.943243,23.2,787.7281,4.2332,2.8464,9.698823,7.06706,6.732856
0.02,85.0,0.881678,3.0,2.5,0.0,642.98,3015.82,0.436533,4.2e-05,0.601572,0.979434,0.979394,20.54,796.312,4.2893,2.8466,9.763481,7.115281,6.777397
0.1,86.0,0.868439,1.8,2.9,5.97,496.84,2165.12,0.592429,0.0,0.999967,0.96221,1.258892,24.13,804.7672,4.2249,2.8468,9.845131,7.176314,6.834921
0.02,87.0,0.880013,3.2,2.6,0.0,602.91,3012.52,0.475431,1.2e-05,0.699672,0.977787,1.038541,20.91,813.3356,4.2812,2.847,9.91263,7.226681,6.881628
0.05,88.0,0.874424,2.3,3.1,0.64,433.8,2556.18,0.59392,0.0,0.99917,0.971259,1.677155,23.23,821.8517,4.254,2.8473,10.019124,7.306231,6.95766
0.1,89.0,0.864693,3.4,3.9,0.0,16.06,2518.05,0.591039,0.0,0.999991,0.955211,2.704807,25.31,830.2942,4.2067,2.8478,10.187131,7.431759,7.079931
0.05,90.0,0.871539,0.2,3.9,3600.0,0.52,2946.83,0.193439,0.0,0.0,0.967194,1.715919,14.18,838.8166,4.24,2.8481,10.293407,7.511125,7.155836
0.1,91.0,0.861687,3.0,3.9,0.0,15.71,2515.1,0.58974,0.0,0.999992,0.948718,2.710047,25.29,847.2297,4.192,2.8486,10.457665,7.633966,7.27544
0.1,92.0,0.859893,3.7,4.0,0.0,13.6,2514.34,0.588883,0.0,0.999992,0.944431,2.706567,25.28,855.6318,4.1833,2.8491,10.619396,7.75494,7.393189
0.05,93.0,0.867184,3.4,2.2,0.0,764.45,2546.43,0.584088,0.000238,0.979988,0.95999,0.89733,21.04,864.0738,4.2188,2.8492,10.674199,7.795975,7.430652
0.1,94.0,0.858709,1.2,2.5,79.26,587.93,2167.41,0.588221,1.7e-05,0.999826,0.941418,1.023076,22.58,872.4343,4.1775,2.8494,10.735894,7.8423,7.473508
0.01,95.0,0.870589,3.0,3.7,0.0,19.6,3728.71,0.345761,0.0,0.381533,0.965739,2.768772,20.74,880.9269,4.2353,2.8499,10.897525,7.963237,7.591111
0.02,96.0,0.868603,1.8,1.8,5.31,1008.26,3020.99,0.206368,0.000633,0.034042,0.96249,0.850669,18.3,889.3824,4.2257,2.85,10.948442,8.001417,7.625696
0.05,97.0,0.863551,1.5,2.1,16.13,800.83,2547.66,0.577167,0.000269,0.966227,0.952842,0.891504,20.46,897.7893,4.2011,2.8502,11.001383,8.041195,7.66193
0.02,98.0,0.866671,1.0,3.9,342.8,2.19,3368.8,0.378033,0.0,0.465558,0.959047,1.999489,19.76,906.2527,4.2163,2.8505,11.116408,8.127403,7.744722
0.02,99.0,0.864918,3.9,3.7,0.0,19.09,3357.76,0.575935,0.0,0.962005,0.955664,2.765041,21.94,914.6914,4.2077,2.851,11.272764,8.24458,7.858613
0.1,100.0,0.852097,3.5,2.5,0.0,618.48,2161.05,0.584284,1.4e-05,0.999899,0.921592,1.030627,23.48,922.9874,4.1454,2.8512,11.331904,8.289094,7.899704
0.05,101.0,0.859013,0.2,2.5,3600.0,47.24,2912.2,0.188441,0.0,0.0,0.942205,1.675248,14.19,931.3491,4.179,2.8515,11.426129,8.359802,7.967036
0.01,102.0,0.863921,2.4,2.8,0.32,508.8,3378.94,0.243657,0.0,0.132331,0.953623,1.344868,20.12,939.7603,4.2029,2.8517,11.501776,8.416619,8.020351
0.02,103.0,0.861744,0.4,2.2,1800.0,360.35,3125.7,0.18977,0.0,0.0,0.948849,1.252652,15.65,948.1501,4.1923,2.8519,11.571969,8.469371,8.069626
0.02,104.0,0.861104,2.3,2.0,0.51,859.09,3023.84,0.244639,0.000192,0.137725,0.947361,0.907574,19.04,956.533,4.1892,2.8521,11.623235,8.507969,8.10469
0.05,105.0,0.854948,1.9,3.3,3.21,27.85,2877.83,0.586014,0.0,0.999633,0.930801,2.745803,23.13,964.8617,4.1592,2.8525,11.772258,8.619916,8.21344
0.02,106.0,0.859381,2.3,0.3,0.49,7200.0,2940.6,0.195807,0.017944,0.0,0.943146,0.690591,11.3,973.2339,4.1808,2.8526,11.811274,8.649227,8.239286
0.05,107.0,0.852889,3.2,3.3,0.0,29.48,2876.08,0.584709,0.0,0.999646,0.924256,2.738481,23.64,981.5438,4.1492,2.8531,11.957726,8.759323,8.3462
0.1,108.0,0.843554,2.0,3.6,1.96,19.26,2505.16,0.57739,0.0,0.999992,0.886964,2.746037,24.56,989.7747,4.1038,2.8535,12.102843,8.868476,8.452265
0.1,109.0,0.842,2.7,3.2,0.0,33.02,2497.23,0.575873,0.0,0.999992,0.879383,2.696513,25.2,997.9758,4.0963,2.8539,12.243827,8.974547,8.555249
0.05,110.0,0.849226,0.7,2.1,881.62,463.87,2606.74,0.211968,1e-05,0.074308,0.911203,1.048996,18.07,1006.2433,4.1314,2.8541,12.299715,9.016682,8.593969
0.05,111.0,0.848205,2.0,2.9,1.87,460.7,2536.51,0.581082,0.0,0.999097,0.907215,1.577152,22.87,1014.5028,4.1264,2.8543,12.38209,9.078818,8.652768
0.1,112.0,0.838915,2.0,3.8,1.85,14.19,2506.86,0.572603,0.0,0.999992,0.863031,2.749902,24.53,1022.7028,4.0812,2.8547,12.522764,9.18481,8.755706
0.1,113.0,0.838017,3.1,2.9,0.0,458.73,2160.58,0.571577,0.0,0.99998,0.857928,1.582373,24.89,1030.8625,4.0769,2.855,12.603988,9.246121,8.813776
0.05,114.0,0.84531,1.6,1.8,9.64,967.15,2550.61,0.518703,0.000354,0.84889,0.895028,0.878436,19.53,1039.0909,4.1124,2.8551,12.649924,9.280864,8.845104
0.01,115.0,0.850274,1.7,2.9,6.57,452.74,3386.83,0.258326,0.0,0.188249,0.915133,1.673345,20.44,1047.3701,4.1365,2.8554,12.735,9.345063,8.905953
0.1,116.0,0.835003,1.4,3.8,19.78,8.34,2510.85,0.567927,0.0,0.999991,0.839653,2.805702,24.46,1055.5332,4.0622,2.8558,12.874759,9.450511,9.008388
0.05,117.0,0.842019,3.8,2.7,0.0,520.7,2530.45,0.575289,0.0,0.998481,0.87948,1.3199,22.82,1063.7314,4.0963,2.856,12.941267,9.500774,9.055317
0.05,118.0,0.840994,0.9,3.4,442.26,6.88,2892.71,0.564016,0.0,0.972919,0.874244,1.911916,20.37,1071.9294,4.0914,2.8563,13.036008,9.572344,9.12366
0.05,119.0,0.839446,2.6,3.7,0.03,16.49,2878.41,0.573067,0.0,0.999681,0.86597,2.764377,23.07,1080.1314,4.0838,2.8567,13.170882,9.674142,9.222381
0.1,120.0,0.831133,1.9,2.2,2.65,716.11,2164.91,0.562595,4.5e-05,0.999715,0.813453,0.976628,21.93,1088.2224,4.0434,2.8569,13.219557,9.711112,9.256071
0.1,121.0,0.830613,2.7,1.8,0.0,962.17,2170.08,0.56072,0.000365,0.99659,0.809691,0.876926,20.81,1096.3079,4.0409,2.857,13.263334,9.744399,9.286074
0.1,122.0,0.830104,3.9,1.3,0.0,1502.35,2134.08,0.423312,0.001515,0.653788,0.805951,0.809076,18.26,1104.3876,4.0384,2.8571,13.303772,9.775158,9.313559
0.02,123.0,0.841713,0.6,2.5,1172.41,47.09,3371.89,0.175641,0.0,0.000134,0.877934,1.59711,16.82,1112.5829,4.0949,2.8574,13.38136,9.83385,9.368971
0.02,124.0,0.84012,2.6,3.1,0.02,34.87,3345.81,0.558155,0.0,0.960572,0.86963,2.736764,21.46,1120.7638,4.0871,2.8578,13.511739,9.932373,9.464401
0.05,125.0,0.834308,1.1,4.0,110.06,1.8,2891.33,0.566659,0.0,0.999059,0.835174,2.603631,22.28,1128.917,4.0588,2.8582,13.634742,10.02539,9.554357
0.1,126.0,0.825994,2.4,1.9,0.2,882.07,2170.42,0.554209,0.000199,0.998458,0.773732,0.905802,20.79,1136.9576,4.0184,2.8583,13.678611,10.058803,9.584523
0.05,127.0,0.832381,2.1,3.7,0.95,15.15,2878.86,0.564322,0.0,0.999681,0.822246,2.769728,23.04,1145.0932,4.0495,2.8587,13.807788,10.156532,9.679233
0.1,128.0,0.823838,1.8,2.8,3.83,469.65,2155.54,0.551068,0.0,0.999978,0.755384,1.562983,24.23,1153.1149,4.0079,2.8589,13.881023,10.212146,9.731709
0.02,129.0,0.83546,3.0,2.5,0.0,579.13,3011.25,0.468327,0.0,0.749546,0.842542,1.211604,20.85,1161.2494,4.0644,2.8591,13.938157,10.255521,9.771771
0.1,130.0,0.822389,3.4,2.8,0.0,469.9,2155.7,0.54849,0.0,0.999978,0.742495,1.576505,24.85,1169.2566,4.0008,2.8593,14.011325,10.311162,9.824288
0.05,131.0,0.828731,1.5,3.1,12.2,27.75,2871.92,0.558967,0.0,0.999622,0.795592,2.75496,23.01,1177.3258,4.0317,2.8597,14.136971,10.406308,9.916442
0.05,132.0,0.828567,3.6,0.8,0.0,2700.0,2403.98,0.160115,0.003123,1e-06,0.794327,0.774562,14.73,1185.3904,4.0309,2.8598,14.17365,10.434243,9.941101
0.05,133.0,0.827784,2.7,2.4,0.0,612.27,2537.65,0.556016,1e-06,0.995933,0.788214,1.140337,22.12,1193.4498,4.0271,2.86,14.226407,10.474482,9.978084
0.1,134.0,0.819361,0.6,1.8,1124.92,534.08,2229.54,0.195554,3.4e-05,0.131763,0.714177,0.990483,17.48,1201.426,3.9861,2.8602,14.272296,10.509518,10.009952
0.02,135.0,0.830899,2.9,2.8,0.0,463.93,3013.02,0.523534,0.0,0.902952,0.811767,1.656089,21.55,1209.5165,4.0423,2.8604,14.347521,10.566665,10.063894
0.1,136.0,0.818044,2.2,2.0,0.53,804.2,2169.93,0.540007,7.7e-05,0.999293,0.701295,0.951237,21.34,1217.4799,3.9797,2.8605,14.391314,10.600169,10.094217
0.05,137.0,0.824545,3.0,3.9,0.0,11.33,2881.89,0.552176,0.0,0.999687,0.761509,2.761644,23.28,1225.5364,4.0113,2.8609,14.514114,10.693316,10.184411
0.1,138.0,0.815476,2.4,3.3,0.16,25.08,2498.76,0.535047,0.0,0.999992,0.675251,2.737218,24.44,1233.4905,3.9672,2.8613,14.634784,10.784931,10.273161
0.01,139.0,0.828671,3.1,2.5,0.0,567.0,3392.59,0.186788,0.0,0.069404,0.795133,1.269091,20.04,1241.5591,4.0314,2.8615,14.69166,10.828204,10.313178
0.02,140.0,0.825729,2.7,3.4,0.0,21.73,3356.71,0.538873,0.0,0.961417,0.771531,2.786892,21.8,1249.6187,4.0171,2.8619,14.813177,10.920476,10.40248
0.02,141.0,0.825278,3.4,2.2,0.0,689.29,3029.4,0.334911,6e-06,0.453396,0.767754,1.073599,20.16,1257.653,4.0149,2.862,14.861033,10.957018,10.435764
0.02,142.0,0.824593,0.4,2.5,1800.0,24.78,3425.73,0.152385,0.0,0.0,0.761924,1.647282,15.55,1265.6842,4.0116,2.8622,14.93305,11.011853,10.487462
0.1,143.0,0.811488,3.1,2.5,0.0,562.53,2153.05,0.526498,0.0,0.999947,0.632597,1.241412,24.1,1273.5851,3.9478,2.8624,14.987454,11.053504,10.52602
0.05,144.0,0.818899,2.0,2.0,1.27,791.12,2556.83,0.530319,3.9e-05,0.970908,0.7097,0.983355,20.46,1281.557,3.9839,2.8626,15.030949,11.086784,10.556089
0.05,145.0,0.817519,3.0,4.0,0.0,9.3,2884.22,0.539089,0.0,0.999686,0.696072,2.759707,23.25,1289.5445,3.9772,2.8629,15.148679,11.176326,10.642734
0.1,146.0,0.809051,0.6,1.5,1077.69,737.71,2195.74,0.138218,0.000193,0.042641,0.605422,0.907358,17.06,1297.4193,3.936,2.8631,15.188482,11.206847,10.670158
0.05,147.0,0.816671,1.7,2.0,4.99,784.06,2558.09,0.526112,3.3e-05,0.971489,0.687518,0.991384,20.52,1305.3691,3.973,2.8632,15.231747,11.240009,10.700128
0.1,148.0,0.808061,3.0,2.7,0.0,483.93,2153.65,0.518826,0.0,0.999976,0.594181,1.537486,24.65,1313.2371,3.9311,2.8634,15.297404,11.290229,10.747331
0.02,149.0,0.819067,1.3,3.1,22.7,21.54,3361.55,0.522223,0.0,0.94989,0.711335,2.798738,21.17,1321.22,3.9847,2.8638,15.41488,11.379568,10.83376
0.02,150.0,0.818851,0.9,1.2,352.22,1329.9,3019.6,0.142023,0.000397,4.5e-05,0.709234,0.872919,16.26,1329.19,3.9836,2.8639,15.452762,11.408598,10.859569
0.1,151.0,0.805641,2.7,1.5,0.0,1179.7,2164.85,0.502285,0.000362,0.972198,0.566308,0.877306,19.46,1337.0318,3.9194,2.864,15.490537,11.437714,10.885603
0.1,152.0,0.804676,1.5,4.0,10.61,5.13,2512.65,0.511012,0.0,0.999992,0.555075,2.776762,24.33,1344.895,3.9147,2.8644,15.605554,11.525371,10.970497
0.02,153.0,0.816183,0.8,2.8,536.23,21.79,3379.97,0.170396,0.0,0.084719,0.682541,1.875981,18.83,1352.8456,3.9707,2.8646,15.683597,11.584869,11.026946
0.05,154.0,0.810871,3.7,2.7,0.0,475.84,2535.54,0.524751,0.0,0.998979,0.625795,1.609243,23.02,1360.7408,3.9448,2.8649,15.750427,11.636008,11.075033
0.05,155.0,0.81045,1.9,2.0,1.86,775.34,2561.4,0.513738,2.5e-05,0.973762,0.621117,1.004612,20.38,1368.6303,3.9428,2.865,15.792759,11.668536,11.104418
0.1,156.0,0.8017,3.5,2.8,0.0,435.49,2162.5,0.504011,0.0,0.999984,0.520089,1.85082,25.0,1376.436,3.9002,2.8653,15.868705,11.726666,11.159641
0.02,157.0,0.81361,1.6,2.2,6.97,664.82,3037.76,0.321581,3e-06,0.476148,0.655602,1.106717,19.81,1384.3566,3.9581,2.8654,15.914884,11.762063,11.191872
0.1,158.0,0.800507,3.4,1.8,0.0,903.13,2173.16,0.500459,0.000101,0.998048,0.505998,0.938041,21.11,1392.149,3.8944,2.8655,15.954034,11.792278,11.219047
0.1,159.0,0.79989,3.4,2.8,0.0,432.88,2162.93,0.499734,0.0,0.999984,0.4987,1.874541,25.04,1399.9373,3.8914,2.8658,16.030205,11.850584,11.274467
0.02,160.0,0.81191,0.8,1.8,519.51,658.13,3082.35,0.128928,2.1e-05,0.003685,0.637229,1.013362,17.61,1407.8409,3.9499,2.8659,16.072267,11.882861,11.303583
0.05,161.0,0.806051,2.9,3.4,0.0,19.61,2882.78,0.514077,0.0,0.999657,0.571071,2.762417,23.21,1415.7046,3.9214,2.8663,16.182798,11.96728,11.385205
0.05,162.0,0.80567,3.9,1.9,0.0,829.29,2567.27,0.494987,4e-05,0.954102,0.566651,0.982189,20.42,1423.5471,3.9195,2.8664,16.223189,11.998369,11.413186
0.05,163.0,0.805231,3.0,1.8,0.0,896.53,2569.78,0.47709,6.1e-05,0.911891,0.561546,0.962169,20.01,1431.3856,3.9174,2.8665,16.262675,12.028817,11.44053
0.1,164.0,0.796607,3.0,1.8,0.0,895.7,2173.68,0.4913,9.1e-05,0.998178,0.45996,0.943212,20.99,1439.14,3.8754,2.8667,16.301231,12.058619,11.467323
0.01,165.0,0.810846,2.4,0.4,0.09,5400.0,3221.09,0.126688,0.003962,0.0,0.625515,0.763189,11.87,1447.0351,3.9447,2.8668,16.332928,12.08297,11.488555
0.1,166.0,0.79563,3.0,2.8,0.0,426.25,2164.37,0.489696,0.0,0.999985,0.44851,1.950596,25.12,1454.7815,3.8707,2.867,16.410286,12.142351,11.545103
0.02,167.0,0.808575,1.5,0.1,9.71,21600.0,2746.01,0.120691,0.001711,0.0,0.600034,0.803295,10.24,1462.6588,3.9336,2.8672,16.44334,12.167597,11.567382
0.05,168.0,0.802571,2.7,2.5,0.0,536.19,2542.2,0.505277,0.0,0.998007,0.53037,1.363431,22.5,1470.4725,3.9044,2.8673,16.49772,12.209485,11.606245
0.05,169.0,0.801373,3.8,3.0,0.0,32.72,2878.51,0.503095,0.0,0.999625,0.516226,2.715994,23.42,1478.2793,3.8986,2.8677,16.603771,12.290587,11.684586
0.05,170.0,0.800968,2.1,2.0,0.6,759.27,2567.12,0.492924,1.7e-05,0.976571,0.511441,1.021987,20.51,1486.076,3.8966,2.8678,16.6447,12.322148,11.713082
0.05,171.0,0.799757,3.6,3.0,0.0,32.26,2879.63,0.499273,0.0,0.999622,0.497122,2.71737,23.41,1493.8677,3.8907,2.8682,16.749889,12.402649,11.790835
0.1,172.0,0.791145,1.5,1.8,9.38,877.28,2174.56,0.47872,8.4e-05,0.998321,0.396791,0.947042,20.73,1501.5692,3.8488,2.8683,16.787541,12.43178,11.817001
0.1,173.0,0.790735,4.0,1.9,0.0,816.99,2173.4,0.478121,4.7e-05,0.999172,0.392165,0.975041,21.56,1509.2665,3.8469,2.8684,16.826164,12.461666,11.843929
0.1,174.0,0.79019,3.7,1.2,0.0,1546.2,2140.14,0.291148,0.000736,0.534118,0.386031,0.843533,17.97,1516.9575,3.8442,2.8685,16.859759,12.487698,11.867
0.05,175.0,0.797369,1.9,3.4,1.57,17.57,2888.66,0.493641,0.0,0.999637,0.468931,2.75415,22.68,1524.7372,3.8791,2.8689,16.965048,12.568311,11.944895
0.02,176.0,0.801342,3.0,2.5,0.0,526.65,3032.94,0.42431,0.0,0.802843,0.515864,1.410901,21.07,1532.5385,3.8985,2.8691,17.019713,12.610357,11.983923
0.1,177.0,0.788113,1.7,1.8,4.01,875.46,2175.06,0.472005,6.9e-05,0.998429,0.363028,0.956472,20.76,1540.2102,3.8341,2.8692,17.057109,12.639376,12.010003
0.02,178.0,0.800317,1.6,2.5,6.12,520.8,3034.63,0.420632,0.0,0.799707,0.503743,1.424284,20.77,1548.0015,3.8935,2.8694,17.111983,12.681604,12.049224
0.1,179.0,0.786675,3.9,3.3,0.0,20.83,2504.17,0.469487,0.0,0.999992,0.34745,2.727135,24.93,1555.6749,3.8271,2.8697,17.214657,12.760372,12.125389
0.05,180.0,0.794165,2.7,2.1,0.0,694.47,2566.05,0.481413,6e-06,0.987808,0.431439,1.073621,21.33,1563.4059,3.8635,2.8698,17.256113,12.792381,12.154393
0.1,181.0,0.785082,2.3,3.8,0.16,10.17,2510.06,0.466111,0.0,0.999992,0.330569,2.722228,24.28,1571.0821,3.8194,2.8702,17.357778,12.87041,12.229831
0.1,182.0,0.783954,3.1,3.3,0.0,20.42,2504.34,0.46377,0.0,0.999992,0.318865,2.713908,24.92,1578.7297,3.8139,2.8705,17.458609,12.947751,12.304589
0.02,183.0,0.795348,3.9,3.1,0.0,27.0,3374.29,0.469839,0.0,0.951988,0.445217,2.741526,21.51,1586.4799,3.8693,2.8708,17.560027,13.025479,12.3796
0.05,184.0,0.790384,3.6,1.8,0.0,866.77,2579.13,0.448443,3.9e-05,0.926961,0.388215,0.98348,20.24,1594.1735,3.8451,2.871,17.597397,13.054462,12.405598
0.02,185.0,0.794452,0.2,2.2,3600.0,40.43,3455.19,0.086953,0.0,0.0,0.434763,1.603659,13.73,1601.9093,3.8649,2.8712,17.657079,13.100424,12.448669
0.01,186.0,0.795446,2.5,2.1,0.0,686.14,3446.06,0.094512,2e-06,0.013099,0.446361,1.134894,19.14,1609.6527,3.8698,2.8713,17.699738,13.133453,12.478679
0.02,187.0,0.793409,0.7,2.0,680.31,474.11,3126.29,0.085736,1e-06,0.002997,0.422686,1.184934,17.66,1617.3766,3.8599,2.8715,17.74407,13.167777,12.510017
0.05,188.0,0.788234,3.3,2.3,0.0,594.96,2555.09,0.471241,0.0,0.995928,0.364348,1.229788,22.19,1625.0504,3.8347,2.8716,17.789839,13.203251,12.542559
0.02,189.0,0.792459,3.7,1.9,0.0,795.24,3075.56,0.143725,1.2e-05,0.153418,0.411766,1.038717,19.37,1632.7646,3.8552,2.8718,17.828764,13.233426,12.569728
0.1,190.0,0.778706,3.5,3.4,0.0,17.15,2506.59,0.453503,0.0,0.999992,0.267531,2.719432,24.9,1640.3692,3.7883,2.8721,17.92713,13.309116,12.642884
0.05,191.0,0.785634,2.9,4.0,0.0,7.1,2900.66,0.467128,0.0,0.999638,0.336367,2.717602,23.12,1648.057,3.822,2.8724,18.025072,13.384349,12.715493
0.05,192.0,0.784552,2.9,3.2,0.0,22.29,2892.96,0.464852,0.0,0.999609,0.325043,2.724272,23.13,1655.7104,3.8168,2.8727,18.122698,13.459406,12.787935
0.1,193.0,0.775802,2.7,2.5,0.0,506.93,2156.83,0.448284,0.0,0.999968,0.241485,1.463501,24.49,1663.2631,3.7742,2.8729,18.175649,13.500413,12.826182
0.05,194.0,0.782896,1.9,3.8,1.28,8.79,2900.92,0.461471,0.0,0.999626,0.308102,2.723501,22.63,1670.919,3.8087,2.8732,18.272469,13.574871,12.898039
0.05,195.0,0.781829,1.9,3.3,1.26,18.21,2896.2,0.459333,0.0,0.999608,0.297447,2.726542,22.63,1678.5522,3.8035,2.8735,18.368876,13.649057,12.969632
0.02,196.0,0.785369,3.5,3.5,0.0,14.27,3390.47,0.446869,0.0,0.950386,0.333574,2.742499,21.48,1686.2241,3.8207,2.8739,18.465394,13.723313,13.041255
0.05,197.0,0.779709,1.9,3.2,1.22,20.71,2895.57,0.455226,0.0,0.999601,0.276928,2.723068,22.63,1693.8328,3.7932,2.8742,18.560673,13.796708,13.112072
0.1,198.0,0.770869,2.1,2.6,0.42,457.53,2161.49,0.440261,0.0,0.99998,0.201348,1.72281,23.97,1701.3385,3.7502,2.8744,18.621252,13.843614,13.156306
0.05,199.0,0.778002,2.9,3.0,0.0,28.55,2892.05,0.452047,0.0,0.999588,0.261057,2.69502,23.11,1708.9231,3.7849,2.8747,18.714828,13.915691,13.225813
0.05,200.0,0.776967,1.8,3.6,1.95,11.02,2901.73,0.450188,0.0,0.999612,0.251717,2.71931,22.61,1716.5168,3.7799,2.875,18.808745,13.988078,13.295644
0.1,201.0,0.767854,1.9,3.8,1.15,8.31,2511.07,0.435875,0.0,0.999992,0.17939,2.691907,24.22,1724.0274,3.7355,2.8753,18.901175,14.059402,13.364512
0.02,202.0,0.779576,3.6,2.8,0.0,37.93,3384.12,0.431757,0.0,0.941559,0.275668,2.665601,21.46,1731.6196,3.7926,2.8756,18.99247,14.129741,13.432247
0.1,203.0,0.76591,1.0,1.3,64.38,1269.32,2170.76,0.383786,0.000316,0.876027,0.166245,0.883849,18.5,1739.0742,3.7261,2.8758,19.023646,14.154191,13.453917
0.01,204.0,0.779789,2.6,3.4,0.0,15.51,3784.56,0.163056,0.0,0.268797,0.277687,2.744225,20.3,1746.6897,3.7936,2.8761,19.116975,14.22614,13.523275
0.05,205.0,0.773046,1.0,2.2,62.75,583.12,2571.64,0.440498,0.0,0.992037,0.218416,1.23112,21.31,1754.2156,3.7608,2.8762,19.159574,14.259334,13.553654
0.1,206.0,0.763959,3.2,3.7,0.0,10.02,2510.08,0.430766,0.0,0.999992,0.153847,2.68355,24.84,1761.6878,3.7166,2.8765,19.250036,14.329265,13.62116
0.05,207.0,0.771095,2.3,2.8,0.07,36.37,2890.73,0.440438,0.0,0.99956,0.203068,2.641254,22.61,1769.1992,3.7513,2.8768,19.33884,14.397813,13.687183
0.05,208.0,0.770103,3.0,3.0,0.0,26.77,2896.06,0.438947,0.0,0.999579,0.19558,2.685779,23.09,1776.7079,3.7465,2.8771,19.428666,14.467212,13.754074
0.05,209.0,0.769395,0.7,3.1,604.01,4.78,2946.71,0.361766,0.0,0.80923,0.190371,1.82929,19.34,1784.2197,3.743,2.8773,19.490148,14.514885,13.79908
0.1,210.0,0.760441,1.0,0.9,58.32,2049.33,2094.61,0.029737,0.001093,0.006545,0.133409,0.824647,16.26,1791.6207,3.6995,2.8775,19.518625,14.537282,13.818731
0.1,211.0,0.760439,2.8,0.6,0.0,3490.01,1906.6,0.028105,0.003563,0.0,0.133401,0.768268,13.94,1799.0214,3.6995,2.8776,19.54525,14.558215,13.836921
0.1,212.0,0.759837,2.9,1.8,0.0,821.89,2181.43,0.425664,2.9e-05,0.999058,0.130143,0.99733,21.46,1806.4176,3.6965,2.8777,19.579239,14.584894,13.860879
0.05,213.0,0.767923,1.7,2.2,2.83,602.41,2570.45,0.433872,0.0,0.994744,0.179871,1.218586,21.45,1813.8937,3.7359,2.8778,19.620474,14.617049,13.890257
0.05,214.0,0.767531,3.1,1.6,0.0,973.65,2601.02,0.346603,5.7e-05,0.777877,0.177148,0.965173,19.4,1821.3646,3.734,2.8779,19.653399,14.642856,13.913252
0.1,215.0,0.758706,2.3,2.2,0.05,603.31,2164.28,0.424805,0.0,0.999911,0.124202,1.20767,22.61,1828.751,3.691,2.8781,19.693985,14.674642,13.942362
0.01,216.0,0.772788,0.7,3.7,592.19,0.0,3854.94,0.043495,0.0,0.000569,0.21634,1.870213,17.78,1836.3078,3.7595,2.8783,19.756077,14.722747,13.987766
0.1,217.0,0.757318,2.7,3.9,0.0,6.93,2512.54,0.423444,0.0,0.999993,0.117236,2.666709,24.81,1843.7209,3.6843,2.8786,19.843285,14.790349,14.052998
0.05,218.0,0.764524,2.6,3.4,0.0,14.51,2905.17,0.431308,0.0,0.999592,0.157357,2.675754,23.07,1851.1933,3.7193,2.8789,19.930576,14.857868,14.11806
0.1,219.0,0.755379,3.0,3.4,0.0,14.4,2508.32,0.421612,0.0,0.999992,0.108075,2.660104,24.82,1858.5774,3.6749,2.8792,20.016849,14.924737,14.182571
0.1,220.0,0.754434,2.7,3.9,0.0,6.73,2512.29,0.420765,0.0,0.999993,0.10384,2.644787,24.8,1865.9616,3.6703,2.8795,20.102302,14.990941,14.246421
0.1,221.0,0.75439,3.6,0.3,0.0,7200.0,1776.28,0.026073,0.013359,0.0,0.103644,0.704861,11.44,1873.3057,3.67,2.8796,20.126227,15.009704,14.262519
0.1,222.0,0.755393,1.7,0.1,2.6,21600.0,1759.44,0.022429,0.002004,0.0,0.108139,0.795743,10.21,1880.6629,3.6749,2.8797,20.152972,15.03055,14.280841
0.1,223.0,0.75315,3.4,0.8,0.0,2417.43,2067.75,0.020226,0.001017,0.000389,0.098321,0.828098,15.59,1887.993,3.664,2.8798,20.180543,15.052444,14.300046
0.1,224.0,0.752566,1.3,3.0,14.24,18.83,2507.45,0.419177,0.0,0.999991,0.095902,2.673859,24.15,1895.3345,3.6612,2.8801,20.266186,15.118891,14.364163
0.1,225.0,0.751643,3.7,3.2,0.0,18.54,2506.28,0.418433,0.0,0.999992,0.092183,2.640535,24.81,1902.6761,3.6567,2.8804,20.350465,15.184249,14.42719
0.1,226.0,0.750719,3.8,3.7,0.0,8.97,2510.93,0.417714,0.0,0.999993,0.088587,2.634578,24.79,1910.0191,3.6522,2.8807,20.43421,15.249214,14.48983
0.05,227.0,0.758018,3.4,4.0,0.0,5.38,2911.81,0.423982,0.0,0.999602,0.120708,2.647302,23.04,1917.4394,3.6877,2.8809,20.518111,15.314255,14.55246
0.05,228.0,0.75709,3.8,3.5,0.0,11.88,2908.54,0.423061,0.0,0.999589,0.116126,2.657033,23.05,1924.8405,3.6832,2.8812,20.601934,15.379308,14.615111
0.02,229.0,0.761373,2.5,2.2,0.0,585.53,3088.54,0.253512,0.0,0.564486,0.138587,1.285021,20.46,1932.2524,3.704,2.8814,20.643239,15.41161,14.644683
0.1,230.0,0.747733,3.6,2.4,0.0,496.01,2168.25,0.415553,0.0,0.999968,0.077827,1.52543,24.25,1939.5321,3.6377,2.8816,20.691645,15.449554,14.680094
0.02,231.0,0.760378,1.4,2.2,9.2,577.61,3090.49,0.249218,0.0,0.556513,0.133064,1.288706,20.2,1946.9342,3.6992,2.8817,20.732912,15.481799,14.709618
0.05,232.0,0.754715,3.1,3.4,0.0,13.45,2908.68,0.420849,0.0,0.999582,0.105083,2.656874,23.04,1954.3098,3.6716,2.882,20.815827,15.546259,14.771697
0.05,233.0,0.753805,1.5,2.8,6.01,29.15,2901.34,0.420027,0.0,0.999517,0.101103,2.630526,22.55,1961.656,3.6672,2.8823,20.897649,15.609836,14.832894
0.05,234.0,0.752906,2.4,3.0,0.0,23.44,2904.31,0.419284,0.0,0.999557,0.097305,2.63731,23.04,1969.0053,3.6628,2.8826,20.979355,15.673342,14.894027
0.1,235.0,0.744092,2.6,3.0,0.0,23.27,2517.48,0.413263,0.0,0.999991,0.066331,2.616059,24.78,1976.2695,3.6199,2.8829,21.059998,15.736107,14.954513
0.1,236.0,0.743413,3.6,3.2,0.0,17.33,2528.68,0.41287,0.0,0.99999,0.06437,2.610842,24.51,1983.53,3.6166,2.8831,21.140214,15.798503,15.014631
0.05,237.0,0.750676,3.7,1.5,0.0,1024.93,2619.52,0.271882,8.4e-05,0.635408,0.088426,0.946753,19.29,1990.8368,3.652,2.8833,21.170289,15.822176,15.035611
0.02,238.0,0.754657,3.0,3.7,0.0,8.28,3420.79,0.395994,0.0,0.937572,0.104823,2.655079,21.23,1998.2175,3.6713,2.8835,21.251512,15.885362,15.096398
0.02,239.0,0.754206,2.1,2.2,0.22,570.52,3098.65,0.250941,0.0,0.575931,0.102841,1.320041,20.28,2005.5593,3.6691,2.8837,21.292582,15.917589,15.125958
0.02,240.0,0.753302,1.3,3.0,12.75,17.12,3420.91,0.389229,0.0,0.92359,0.098963,2.678752,20.85,2012.9126,3.6647,2.884,21.374031,15.980994,15.18698
0.1,241.0,0.739464,3.7,1.0,0.0,1764.19,2169.26,0.046367,0.000612,0.088306,0.053995,0.852256,17.13,2020.1096,3.5974,2.8841,21.400811,16.002281,15.205674
0.02,242.0,0.752847,3.9,0.6,0.0,3354.16,2901.15,0.019948,0.001341,0.0,0.097058,0.814887,13.56,2027.4363,3.6625,2.8842,21.426667,16.022663,15.223326
